	Gold: India: Bombay Market: Standard
Region	India
Subnational	
Frequency	"Daily, ""5 observation"""
Unit	INR/10 g
Source	The Economic Times
Status	Active
Series ID	19318401 (IDPBA)
SR Code	SR4729484
Trade Code	
Mnemonic	
Function Description	
First Obs. Date	07/14/1997
Last Obs. Date	02/14/2020
Last Update Time	15-05-26
Series Remarks	[COVID-19-IMPACT]
Suggestions	
Mean	16625.9898
Variance	127721194.7
Standard Deviation	11301.38021
Skewness	0.29705127
Kurtosis	-1.536162631
Coefficient Variation	0.679741799
Min	3900
Max	41000
Median	13025
Sum	89630711
Subtract	-37100
No. of Obs	5391
07/14/1997	4470
07/15/1997	4455
07/16/1997	4450
07/17/1997	4450
07/18/1997	4505
07/21/1997	4580
07/22/1997	4550
07/23/1997	4520
07/24/1997	4520
07/25/1997	4520
07/28/1997	4550
07/29/1997	4525
07/30/1997	4540
07/31/1997	4520
08-01-97	4530
08-04-97	4530
08-05-97	4530
08-06-97	4515
08-07-97	4480
08-08-97	4465
08-11-97	4495
08-12-97	4495
08/13/1997	4495
08/14/1997	4520
08/19/1997	4520
08/20/1997	4500
08/21/1997	4500
08/22/1997	4500
08/26/1997	4500
08/27/1997	4535
08/28/1997	4540
08/29/1997	4535
09-01-97	4520
09-02-97	4510
09-03-97	4510
09-04-97	4490
09-05-97	4480
09-08-97	4470
09-09-97	4475
09-10-97	4465
09-11-97	4470
09-12-97	4470
09/15/1997	4450
09/16/1997	4450
09/17/1997	4440
09/18/1997	4410
09/19/1997	4400
09/22/1997	4390
09/23/1997	4380
09/24/1997	4380
09/25/1997	4390
09/26/1997	4420
09/29/1997	4410
09/30/1997	4450
10-01-97	4490
10-03-97	4610
10-06-97	4530
10-07-97	4515
10-08-97	4490
10-09-97	4490
10-10-97	4505
10/13/1997	4470
10/14/1997	4455
10/15/1997	4450
10/16/1997	4450
10/17/1997	4440
10/20/1997	4390
10/21/1997	4330
10/22/1997	4330
10/23/1997	4350
10/24/1997	4370
10/27/1997	4270
10/28/1997	4300
10/29/1997	4285
11-03-97	4200
11-04-97	4145
11-05-97	4170
11-06-97	4195
11-07-97	4200
11-10-97	4235
11-11-97	4210
11-12-97	4210
11/13/1997	4240
11/17/1997	4175
11/18/1997	4120
11/19/1997	4120
11/20/1997	4130
11/21/1997	4120
11/24/1997	4090
11/25/1997	4110
11/26/1997	4090
11/27/1997	4060
11/28/1997	4020
12-04-97	4020
12-05-97	3980
12-08-97	3915
12-09-97	3920
12-10-97	3910
12-11-97	3900
12-12-97	3930
12/15/1997	3910
12/16/1997	3920
12/17/1997	3925
12/18/1997	3975
12/19/1997	3975
12/22/1997	4085
12/23/1997	4180
12/24/1997	4160
12/26/1997	4140
12/29/1997	4080
12/30/1997	4040
12/31/1997	4030
01-01-98	3995
01-02-98	3995
01-05-98	3980
01-06-98	4065
01-07-98	4010
01-08-98	3995
01-09-98	4040
01-12-98	4015
01/13/1998	3985
01/14/1998	3985
01/15/1998	3985
01/19/1998	4030
01/20/1998	4015
01/21/1998	3960
01/23/1998	3975
01/27/1998	4010
01/28/1998	4010
01/29/1998	4025
02-02-98	4050
02-03-98	4060
02-04-98	4050
02-05-98	3990
02-06-98	4000
02-09-98	3995
02-11-98	4020
02-12-98	4000
02/13/1998	4000
02/16/1998	3995
02/17/1998	4000
02/18/1998	3995
02/19/1998	3985
02/20/1998	3980
02/23/1998	3970
02/24/1998	3975
02/26/1998	3960
02/27/1998	3950
03-02-98	3990
03-03-98	4050
03-04-98	4030
03-05-98	4020
03-06-98	3990
03-09-98	3980
03-10-98	3990
03-11-98	4000
03-12-98	4010
03/16/1998	3985
03/17/1998	3985
03/18/1998	3985
03/19/1998	3950
03/20/1998	3950
03/23/1998	3940
03/24/1998	3950
03/25/1998	3990
03/26/1998	3990
03/27/1998	4010
03/30/1998	4050
03/31/1998	4070
04-01-98	4045
04-02-98	4045
04-03-98	4055
04-06-98	4160
04-07-98	4250
04/13/1998	4250
04/15/1998	4250
04/16/1998	4240
04/17/1998	4215
04/20/1998	4205
04/21/1998	4210
04/22/1998	4200
04/23/1998	4240
04/24/1998	4260
04/27/1998	4255
04/29/1998	4240
05-04-98	4155
05-05-98	4160
05-06-98	4160
05-08-98	4105
05-11-98	4100
05-12-98	4095
05/13/1998	4080
05/14/1998	4060
05/15/1998	4110
05/18/1998	4150
05/19/1998	4140
05/20/1998	4130
05/21/1998	4115
05/22/1998	4150
05/25/1998	4160
05/26/1998	4180
05/27/1998	4185
05/28/1998	4150
05/29/1998	4160
06-02-98	4200
06-03-98	4180
06-04-98	4200
06-05-98	4185
06-08-98	4170
06-09-98	4160
06-10-98	4230
06-11-98	4230
06-12-98	4225
06/15/1998	4150
06/16/1998	4155
06/17/1998	4165
06/18/1998	4160
06/19/1998	4200
06/22/1998	4225
06/23/1998	4275
06/24/1998	4275
06/25/1998	4270
06/26/1998	4265
06/29/1998	4290
06/30/1998	4290
07-01-98	4300
07-02-98	4300
07-03-98	4290
07-07-98	4280
07-08-98	4275
07-09-98	4285
07-10-98	4275
07/13/1998	4240
07/14/1998	4240
07/15/1998	4270
07/16/1998	4270
07/17/1998	4295
07/20/1998	4280
07/21/1998	4290
07/22/1998	4300
07/23/1998	4290
07/24/1998	4280
07/27/1998	4260
07/28/1998	4250
07/29/1998	4245
07/30/1998	4245
07/31/1998	4240
08-03-98	4210
08-04-98	4205
08-05-98	4195
08-06-98	4215
08-07-98	4200
08-10-98	4195
08-11-98	4205
08-12-98	4200
08/13/1998	4210
08/14/1998	4200
08/18/1998	4210
08/19/1998	4245
08/20/1998	4270
08/21/1998	4250
08/25/1998	4200
08/27/1998	4200
08/28/1998	4150
08/31/1998	4050
09-01-98	4070
09-02-98	4070
09-03-98	4130
09-07-98	4160
09-08-98	4230
09-09-98	4230
09-10-98	4175
09-11-98	4185
09/14/1998	4260
09/15/1998	4225
09/16/1998	4250
09/17/1998	4230
09/18/1998	4220
09/21/1998	4255
09/22/1998	4270
09/23/1998	4245
09/24/1998	4230
09/25/1998	4250
09/28/1998	4270
09/29/1998	4280
09/30/1998	4315
10-05-98	4360
10-06-98	4350
10-07-98	4330
10-08-98	4360
10-09-98	4390
10-12-98	4340
10/13/1998	4350
10/14/1998	4350
10/15/1998	4340
10/16/1998	4330
10/20/1998	4360
10/23/1998	4325
10/26/1998	4310
10/27/1998	4295
10/28/1998	4290
10/29/1998	4305
10/30/1998	4305
11-02-98	4305
11-03-98	4270
11-05-98	4255
11-06-98	4275
11-09-98	4270
11-10-98	4270
11-11-98	4270
11-12-98	4285
11/13/1998	4280
11/16/1998	4320
11/17/1998	4310
11/18/1998	4310
11/19/1998	4320
11/20/1998	4340
11/23/1998	4320
11/24/1998	4325
11/25/1998	4330
11/26/1998	4330
11/27/1998	4330
11/30/1998	4325
12-01-98	4340
12-02-98	4310
12-03-98	4315
12-04-98	4305
12-07-98	4295
12-08-98	4300
12-09-98	4320
12-10-98	4320
12-11-98	4330
12/14/1998	4300
12/15/1998	4280
12/16/1998	4290
12/17/1998	4300
12/18/1998	4330
12/21/1998	4280
12/22/1998	4275
12/23/1998	4260
12/24/1998	4245
12/28/1998	4220
12/29/1998	4210
12/30/1998	4215
12/31/1998	4215
01-04-99	4225
01-05-99	4230
01-06-99	4350
01-07-99	4350
01-08-99	4360
01-11-99	4380
01-12-99	4380
01/13/1999	4410
01/14/1999	4370
01/15/1999	4370
01/18/1999	4350
01/19/1999	4360
01/21/1999	4350
01/22/1999	4360
01/25/1999	4360
01/27/1999	4360
01/28/1999	4350
01/29/1999	4320
02-01-99	4330
02-02-99	4350
02-03-99	4375
02-04-99	4350
02-05-99	4345
02-08-99	4345
02-09-99	4355
02-10-99	4350
02-11-99	4350
02-12-99	4345
02/15/1999	4370
02/16/1999	4380
02/17/1999	4380
02/18/1999	4350
02/19/1999	4350
02/22/1999	4360
02/23/1999	4350
02/24/1999	4350
02/25/1999	4350
02/26/1999	4375
03-01-99	4370
03-03-99	4360
03-04-99	4360
03-05-99	4350
03-08-99	4360
03-09-99	4360
03-10-99	4380
03-11-99	4380
03-12-99	4390
03/15/1999	4380
03/16/1999	4350
03/17/1999	4320
03/19/1999	4305
03/22/1999	4295
03/23/1999	4295
03/24/1999	4285
03/26/1999	4250
03/30/1999	4240
03/31/1999	4235
04-01-99	4335
04-05-99	4340
04-06-99	4340
04-07-99	4360
04-08-99	4360
04-09-99	4365
04-12-99	4385
04/13/1999	4390
04/15/1999	4400
04/16/1999	4415
04/19/1999	4430
04/20/1999	4430
04/21/1999	4420
04/22/1999	4410
04/23/1999	4410
04/26/1999	4440
04/28/1999	4410
04/29/1999	4410
04/30/1999	4410
05-03-99	4435
05-04-99	4430
05-05-99	4425
05-06-99	4460
05-07-99	4410
05-10-99	4370
05-11-99	4345
05-12-99	4320
05/13/1999	4330
05/14/1999	4310
05/17/1999	4300
05/18/1999	4285
05/19/1999	4260
05/20/1999	4280
05/21/1999	4285
05/24/1999	4250
05/25/1999	4255
05/26/1999	4220
05/27/1999	4220
05/28/1999	4250
05/31/1999	4230
06-01-99	4200
06-02-99	4190
06-03-99	4140
06-04-99	4160
06-07-99	4170
06-08-99	4150
06-09-99	4110
06-10-99	4050
06-11-99	4060
06/14/1999	4060
06/15/1999	4090
06/16/1999	4060
06/17/1999	4070
06/18/1999	4100
06/21/1999	4080
06/22/1999	4080
06/23/1999	4090
06/24/1999	4110
06/25/1999	4120
06/28/1999	4100
06/29/1999	4110
06/30/1999	4125
07-01-99	4125
07-02-99	4150
07-05-99	4150
07-06-99	4140
07-07-99	4070
07-08-99	4080
07-09-99	4075
07-12-99	4055
07/13/1999	4020
07/14/1999	4030
07/15/1999	4015
07/16/1999	4020
07/19/1999	4000
07/20/1999	4000
07/21/1999	3995
07/22/1999	4020
07/23/1999	4020
07/26/1999	4010
07/27/1999	4020
07/28/1999	4025
07/29/1999	4035
07/30/1999	4060
08-02-99	4040
08-03-99	4040
08-04-99	4070
08-05-99	4070
08-06-99	4065
08-09-99	4075
08-10-99	4085
08-11-99	4090
08-12-99	4130
08/13/1999	4140
08/16/1999	4125
08/17/1999	4120
08/18/1999	4145
08/19/1999	4120
08/20/1999	4120
08/23/1999	4100
08/24/1999	4070
08/25/1999	4040
08/26/1999	4040
08/27/1999	4050
08/30/1999	4050
08/31/1999	4050
09-01-99	4060
09-02-99	4050
09-03-99	4050
09-06-99	4050
09-07-99	4060
09-08-99	4060
09-09-99	4080
09-10-99	4080
09/14/1999	4080
09/15/1999	4090
09/16/1999	4080
09/17/1999	4080
09/20/1999	4050
09/21/1999	4050
09/22/1999	4150
09/23/1999	4150
09/24/1999	4150
09/27/1999	4400
09/28/1999	4535
09/29/1999	4725
09/30/1999	4630
10-01-99	4550
10-04-99	4725
10-05-99	4830
10-06-99	4755
10-07-99	4755
10-08-99	4825
10-11-99	4785
10-12-99	4875
10/13/1999	4925
10/15/1999	4860
10/18/1999	4850
10/20/1999	4800
10/21/1999	4770
10/22/1999	4710
10/25/1999	4700
10/26/1999	4710
10/27/1999	4550
10/28/1999	4650
10/29/1999	4550
11-01-99	4620
11-02-99	4590
11-03-99	4595
11-04-99	4595
11-05-99	4600
11-09-99	4595
11-11-99	4650
11-12-99	4580
11/15/1999	4600
11/16/1999	4600
11/17/1999	4630
11/18/1999	4620
11/19/1999	4630
11/22/1999	4610
11/24/1999	4660
11/25/1999	4660
11/26/1999	4665
11/29/1999	4610
11/30/1999	4575
12-01-99	4580
12-02-99	4550
12-03-99	4480
12-06-99	4380
12-07-99	4400
12-08-99	4470
12-09-99	4430
12-10-99	4385
12/13/1999	4410
12/14/1999	4440
12/15/1999	4430
12/16/1999	4430
12/17/1999	4440
12/20/1999	4475
12/21/1999	4500
12/22/1999	4525
12/23/1999	4500
12/27/1999	4530
12/28/1999	4530
12/29/1999	4530
12/30/1999	4550
01-03-00	4550
01-04-00	4530
01-05-00	4490
01-06-00	4460
01-07-00	4470
01-10-00	4460
01-11-00	4460
01-12-00	4460
01/13/2000	4460
01/14/2000	4480
01/17/2000	4510
01/18/2000	4525
01/19/2000	4580
01/20/2000	4560
01/21/2000	4530
01/24/2000	4560
01/25/2000	4550
01/27/2000	4540
01/28/2000	4540
01/31/2000	4500
02-01-00	4510
02-02-00	4490
02-03-00	4500
02-04-00	4530
02-07-00	4825
02-08-00	4725
02-09-00	4700
02-10-00	4760
02-11-00	4800
02/14/2000	4770
02/15/2000	4785
02/16/2000	4770
02/17/2000	4800
02/18/2000	4780
02/21/2000	4800
02/22/2000	4800
02/23/2000	4810
02/24/2000	4740
02/25/2000	4740
02/28/2000	4610
03-01-00	4630
03-02-00	4590
03-03-00	4580
03-06-00	4580
03-07-00	4570
03-08-00	4610
03-09-00	4570
03-10-00	4600
03/13/2000	4585
03/14/2000	4600
03/15/2000	4575
03/16/2000	4530
03/21/2000	4530
03/22/2000	4580
03/23/2000	4545
03/24/2000	4545
03/27/2000	4500
03/28/2000	4450
03/29/2000	4430
03/30/2000	4400
03/31/2000	4380
04-03-00	4440
04-04-00	4440
04-06-00	4475
04-07-00	4475
04-10-00	4475
04-11-00	4490
04-12-00	4500
04/13/2000	4500
04/17/2000	4525
04/18/2000	4500
04/19/2000	4490
04/20/2000	4475
04/24/2000	4450
04/25/2000	4450
04/26/2000	4420
04/27/2000	4380
04/28/2000	4370
05-02-00	4350
05-03-00	4365
05-04-00	4380
05-05-00	4400
05-08-00	4370
05-09-00	4360
05-10-00	4400
05-11-00	4385
05-12-00	4380
05/15/2000	4380
05/16/2000	4380
05/17/2000	4370
05/18/2000	4345
05/19/2000	4350
05/22/2000	4350
05/23/2000	4370
05/24/2000	4360
05/25/2000	4380
05/26/2000	4370
05/29/2000	4365
05/30/2000	4380
05/31/2000	4375
06-01-00	4365
06-02-00	4365
06-05-00	4470
06-06-00	4505
06-07-00	4510
06-08-00	4500
06-09-00	4505
06-12-00	4480
06/13/2000	4560
06/14/2000	4530
06/15/2000	4550
06/16/2000	4550
06/19/2000	4560
06/20/2000	4560
06/21/2000	4580
06/22/2000	4575
06/23/2000	4560
06/26/2000	4530
06/27/2000	4540
06/28/2000	4560
06/29/2000	4580
06/30/2000	4570
07-03-00	4590
07-04-00	4585
07-05-00	4575
07-06-00	4560
07-07-00	4550
07-10-00	4540
07-11-00	4540
07/13/2000	4520
07/14/2000	4510
07/17/2000	4540
07/18/2000	4540
07/19/2000	4530
07/20/2000	4500
07/21/2000	4520
07/24/2000	4510
07/25/2000	4515
07/26/2000	4500
07/27/2000	4500
07/28/2000	4500
07/31/2000	4480
08-01-00	4480
08-02-00	4510
08-03-00	4510
08-07-00	4500
08-08-00	4510
08-09-00	4490
08-10-00	4500
08-11-00	4510
08/14/2000	4520
08/16/2000	4510
08/17/2000	4550
08/18/2000	4550
08/21/2000	4560
08/22/2000	4535
08/24/2000	4500
08/25/2000	4520
08/28/2000	4530
08/29/2000	4530
08/30/2000	4510
08/31/2000	4520
09-04-00	4550
09-05-00	4540
09-06-00	4520
09-07-00	4490
09-08-00	4500
09-11-00	4490
09/13/2000	4490
09/14/2000	4490
09/15/2000	4490
09/18/2000	4510
09/19/2000	4525
09/20/2000	4520
09/21/2000	4490
09/25/2000	4525
09/26/2000	4540
09/27/2000	4540
09/28/2000	4575
09/29/2000	4535
10-03-00	4540
10-04-00	4535
10-05-00	4525
10-06-00	4510
10-09-00	4520
10-10-00	4510
10-11-00	4540
10-12-00	4525
10/13/2000	4580
10/16/2000	4550
10/17/2000	4565
10/18/2000	4550
10/19/2000	4550
10/20/2000	4540
10/23/2000	4560
10/24/2000	4550
10/25/2000	4540
10/30/2000	4500
10/31/2000	4500
11-01-00	4495
11-02-00	4500
11-03-00	4490
11-06-00	4480
11-07-00	4470
11-08-00	4470
11-09-00	4470
11-10-00	4470
11/13/2000	4460
11/14/2000	4460
11/15/2000	4470
11/16/2000	4485
11/17/2000	4490
11/20/2000	4480
11/21/2000	4490
11/22/2000	4490
11/23/2000	4490
11/24/2000	4480
11/27/2000	4480
11/28/2000	4515
11/29/2000	4535
11/30/2000	4490
12-01-00	4520
12-04-00	4550
12-05-00	4540
12-06-00	4540
12-07-00	4565
12-08-00	4545
12-11-00	4560
12-12-00	4550
12/13/2000	4535
12/14/2000	4525
12/15/2000	4530
12/18/2000	4525
12/19/2000	4525
12/20/2000	4525
12/21/2000	4550
12/22/2000	4550
12/26/2000	4560
12/27/2000	4565
12/28/2000	4570
12/29/2000	4550
01-01-01	4550
01-02-01	4550
01-03-01	4530
01-04-01	4510
01-05-01	4510
01-08-01	4510
01-09-01	4500
01-10-01	4490
01-11-01	4475
01-12-01	4450
01/15/2001	4440
01/16/2001	4435
01/17/2001	4425
01/18/2001	4420
01/19/2001	4450
01/22/2001	4440
01/23/2001	4445
01/24/2001	4450
01/25/2001	4430
01/29/2001	4430
01/30/2001	4425
01/31/2001	4440
02-01-01	4450
02-02-01	4450
02-05-01	4440
02-06-01	4425
02-07-01	4400
02-08-01	4390
02-09-01	4370
02-12-01	4350
02/13/2001	4360
02/14/2001	4355
02/15/2001	4330
02/16/2001	4280
02/20/2001	4320
02/21/2001	4310
02/22/2001	4310
02/26/2001	4400
02/27/2001	4450
02/28/2001	4330
03-01-01	4325
03-02-01	4280
03-05-01	4230
03-07-01	4240
03-08-01	4250
03-09-01	4320
03-12-01	4340
03/15/2001	4270
03/16/2001	4250
03/19/2001	4250
03/20/2001	4280
03/21/2001	4260
03/22/2001	4260
03/23/2001	4270
03/26/2001	4270
03/27/2001	4275
03/28/2001	4270
03/29/2001	4260
03/30/2001	4225
04-02-01	4225
04-03-01	4215
04-04-01	4250
04-06-01	4240
04-09-01	4240
04-10-01	4200
04-11-01	4215
04-12-01	4255
04/16/2001	4270
04/17/2001	4300
04/18/2001	4260
04/19/2001	4265
04/20/2001	4315
04/23/2001	4280
04/24/2001	4310
04/26/2001	4295
04/27/2001	4320
04/30/2001	4300
05-02-01	4325
05-03-01	4325
05-04-01	4330
05-07-01	4340
05-08-01	4330
05-09-01	4330
05-10-01	4370
05-11-01	4375
05/14/2001	4370
05/15/2001	4370
05/16/2001	4375
05/17/2001	4425
05/18/2001	4430
05/21/2001	4660
05/22/2001	4600
05/23/2001	4595
05/24/2001	4600
05/25/2001	4560
05/28/2001	4520
05/29/2001	4520
05/30/2001	4470
05/31/2001	4350
06-01-01	4350
06-04-01	4360
06-05-01	4350
06-06-01	4350
06-07-01	4350
06-08-01	4350
06-11-01	4410
06-12-01	4380
06/13/2001	4400
06/14/2001	4420
06/15/2001	4430
06/18/2001	4430
06/19/2001	4430
06/20/2001	4430
06/21/2001	4420
06/22/2001	4425
06/25/2001	4425
06/26/2001	4440
06/27/2001	4450
06/28/2001	4410
06/29/2001	4400
07-02-01	4410
07-04-01	4390
07-05-01	4380
07-06-01	4350
07-09-01	4360
07-10-01	4360
07-11-01	4365
07-12-01	4375
07/13/2001	4360
07/16/2001	4380
07/17/2001	4370
07/18/2001	4380
07/19/2001	4425
07/20/2001	4405
07/23/2001	4410
07/24/2001	4390
07/25/2001	4400
07/26/2001	4380
07/27/2001	4380
07/30/2001	4365
07/31/2001	4360
08-01-01	4380
08-02-01	4385
08-03-01	4385
08-06-01	4385
08-07-01	4380
08-08-01	4380
08-09-01	4400
08-10-01	4440
08/13/2001	4440
08/14/2001	4480
08/16/2001	4480
08/17/2001	4510
08/20/2001	4550
08/21/2001	4525
08/23/2001	4500
08/24/2001	4455
08/27/2001	4460
08/28/2001	4440
08/29/2001	4460
08/30/2001	4465
08/31/2001	4480
09-03-01	4460
09-04-01	4445
09-05-01	4435
09-06-01	4450
09-07-01	4460
09-10-01	4470
09-11-01	4460
09-12-01	4575
09/13/2001	4575
09/14/2001	4700
09/17/2001	4725
09/18/2001	4700
09/19/2001	4700
09/20/2001	4700
09/21/2001	4735
09/24/2001	4780
09/25/2001	4730
09/26/2001	4760
09/27/2001	4750
09/28/2001	4750
10-01-01	4770
10-03-01	4770
10-04-01	4770
10-05-01	4785
10-08-01	4960
10-09-01	4820
10-10-01	4750
10-11-01	4685
10/15/2001	4690
10/16/2001	4665
10/17/2001	4670
10/18/2001	4690
10/19/2001	4640
10/22/2001	4620
10/23/2001	4575
10/24/2001	4585
10/25/2001	4590
10/29/2001	4610
10/31/2001	4660
11-01-01	4650
11-06-01	4670
11-07-01	4655
11-08-01	4660
11-09-01	4620
11-12-01	4640
11/13/2001	4645
11/15/2001	4625
11/19/2001	4575
11/20/2001	4570
11/21/2001	4560
11/23/2001	4540
11/26/2001	4550
11/27/2001	4540
11/28/2001	4560
11/29/2001	4565
12-03-01	4575
12-04-01	4585
12-05-01	4570
12-06-01	4565
12-07-01	4550
12-10-01	4525
12-11-01	4540
12-12-01	4515
12/13/2001	4540
12/14/2001	4540
12/18/2001	4600
12/19/2001	4615
12/20/2001	4570
12/21/2001	4600
12/24/2001	4610
12/26/2001	4625
12/27/2001	4640
12/28/2001	4625
12/31/2001	4600
01-01-02	4630
01-02-02	4630
01-03-02	4630
01-04-02	4640
01-07-02	4660
01-08-02	4640
01-09-02	4660
01-10-02	4730
01-11-02	4750
01/14/2002	4740
01/15/2002	4725
01/16/2002	4760
01/17/2002	4760
01/18/2002	4735
01/21/2002	4720
01/22/2002	4720
01/23/2002	4710
01/24/2002	4660
01/25/2002	4660
01/28/2002	4670
01/29/2002	4660
01/30/2002	4700
01/31/2002	4690
02-01-02	4695
02-04-02	4760
02-05-02	4840
02-06-02	4890
02-07-02	4900
02-08-02	4960
02-11-02	4945
02-12-02	4940
02/13/2002	4940
02/14/2002	4950
02/15/2002	4970
02/18/2002	4970
02/19/2002	4970
02/20/2002	4890
02/21/2002	4870
02/22/2002	4890
02/25/2002	4900
02/26/2002	4900
02/27/2002	4965
02/28/2002	4960
03-01-02	4960
03-04-02	5000
03-07-02	4900
03-08-02	4855
03-11-02	4890
03/13/2002	4910
03/14/2002	4910
03/15/2002	4870
03/18/2002	4860
03/19/2002	4900
03/20/2002	4890
03/21/2002	4870
03/22/2002	4900
03/26/2002	4950
03/27/2002	4950
03/28/2002	5010
04-01-02	5005
04-02-02	5015
04-03-02	5060
04-04-02	5030
04-05-02	5000
04-09-02	5000
04-10-02	4970
04-11-02	5010
04-12-02	5015
04/15/2002	5030
04/16/2002	5010
04/17/2002	5030
04/18/2002	5040
04/19/2002	5050
04/22/2002	5060
04/25/2002	5090
04/26/2002	5135
04/29/2002	5180
04/30/2002	5170
05-02-02	5135
05-03-02	5150
05-06-02	5190
05-07-02	5200
05-08-02	5170
05-09-02	5140
05-10-02	5180
05/13/2002	5185
05/14/2002	5175
05/15/2002	5130
05/16/2002	5150
05/17/2002	5160
05/20/2002	5180
05/21/2002	5235
05/22/2002	5290
05/23/2002	5270
05/27/2002	5330
05/28/2002	5330
05/29/2002	5400
05/30/2002	5385
05/31/2002	5435
06-03-02	5400
06-04-02	5440
06-06-02	5350
06-07-02	5390
06-10-02	5340
06-11-02	5280
06-12-02	5260
06/13/2002	5230
06/14/2002	5230
06/17/2002	5230
06/18/2002	5230
06/19/2002	5280
06/20/2002	5280
06/21/2002	5320
06/24/2002	5340
06/25/2002	5325
06/26/2002	5330
06/27/2002	5300
06/28/2002	5300
07-01-02	5190
07-02-02	5220
07-03-02	5185
07-04-02	5150
07-05-02	5160
07-08-02	5160
07-09-02	5175
07-10-02	5205
07-11-02	5200
07-12-02	5230
07/15/2002	5230
07/16/2002	5270
07/17/2002	5255
07/18/2002	5240
07/22/2002	5310
07/23/2002	5280
07/24/2002	5200
07/25/2002	5160
07/26/2002	5140
07/29/2002	5030
07/30/2002	5065
07/31/2002	5070
08-01-02	5015
08-02-02	5070
08-05-02	5090
08-06-02	5080
08-07-02	5100
08-08-02	5170
08-09-02	5135
08-12-02	5220
08/13/2002	5200
08/14/2002	5220
08/16/2002	5190
08/19/2002	5180
08/20/2002	5100
08/21/2002	5110
08/23/2002	5060
08/26/2002	5075
08/27/2002	5110
08/28/2002	5130
08/29/2002	5130
08/30/2002	5160
09-02-02	5140
09-03-02	5160
09-04-02	5160
09-05-02	5200
09-06-02	5240
09-09-02	5310
09-11-02	5220
09-12-02	5230
09/13/2002	5235
09/16/2002	5205
09/17/2002	5200
09/18/2002	5215
09/19/2002	5270
09/23/2002	5290
09/24/2002	5300
09/25/2002	5325
09/30/2002	5300
10-01-02	5305
10-03-02	5310
10-04-02	5280
10-07-02	5290
10-08-02	5270
10-09-02	5240
10-10-02	5250
10-11-02	5220
10/14/2002	5230
10/16/2002	5175
10/17/2002	5150
10/18/2002	5150
10/21/2002	5170
10/22/2002	5140
10/23/2002	5160
10/24/2002	5130
10/25/2002	5410
10/28/2002	5160
10/29/2002	5220
10/30/2002	5220
10/31/2002	5220
11-01-02	5220
11-07-02	5250
11-08-02	5290
11-11-02	5280
11-12-02	5300
11/13/2002	5300
11/14/2002	5240
11/15/2002	5230
11/18/2002	5230
11/20/2002	5235
11/21/2002	5220
11/22/2002	5210
11/25/2002	5245
11/26/2002	5210
11/27/2002	5220
11/28/2002	5200
11/29/2002	5220
12-02-02	5210
12-03-02	5210
12-04-02	5240
12-05-02	5275
12-06-02	5300
12-09-02	5320
12-10-02	5330
12-11-02	5300
12-12-02	5450
12/13/2002	5340
12/16/2002	5435
12/17/2002	5520
12/18/2002	5485
12/19/2002	5560
12/20/2002	5560
12/23/2002	5575
12/24/2002	5600
12/26/2002	5610
12/27/2002	5640
12/30/2002	5645
12/31/2002	5580
01-01-03	5620
01-02-03	5580
01-03-03	5590
01-06-03	5730
01-07-03	5660
01-08-03	5620
01-09-03	5710
01-10-03	5680
01/13/2003	5700
01/14/2003	5710
01/15/2003	5710
01/16/2003	5680
01/17/2003	5760
01/20/2003	5755
01/21/2003	5750
01/22/2003	5800
01/23/2003	5850
01/24/2003	5870
01/27/2003	5960
01/28/2003	5880
01/29/2003	5915
01/30/2003	5830
01/31/2003	5910
02-03-03	5865
02-04-03	5915
02-05-03	6000
02-06-03	5910
02-07-03	5900
02-10-03	5910
02-11-03	5830
02-12-03	5825
02/14/2003	5750
02/17/2003	5610
02/18/2003	5620
02/26/2003	5710
02/27/2003	5740
03-03-03	5535
03-04-03	5570
03-05-03	5610
03-06-03	5600
03-07-03	5645
03-10-03	5585
03-11-03	5585
03-12-03	5525
03/13/2003	5440
03/17/2003	5420
03/19/2003	5380
03/21/2003	5340
03/24/2003	5330
03/25/2003	5345
03/26/2003	5260
03/27/2003	5300
03/28/2003	5260
04-03-03	5155
04-04-03	5110
04-08-03	5080
04-09-03	5135
04-10-03	5130
04-11-03	5145
04/15/2003	5170
04/16/2003	5140
04/17/2003	5165
04/21/2003	5190
04/22/2003	5270
04/23/2003	5270
04/24/2003	5265
04/28/2003	5275
04/29/2003	5255
04/30/2003	5290
05-02-03	5385
05-05-03	5375
05-06-03	5400
05-07-03	5395
05-08-03	5370
05-09-03	5450
05-12-03	5490
05/13/2003	5495
05/14/2003	5470
05/15/2003	5540
05/16/2003	5525
05/19/2003	5605
05/20/2003	5725
05/21/2003	5670
05/22/2003	5730
05/23/2003	5730
05/26/2003	5740
05/27/2003	5770
05/28/2003	5660
05/29/2003	5625
05/30/2003	5670
06-02-03	5635
06-03-03	5655
06-04-03	5645
06-05-03	5630
06-06-03	5670
06-09-03	5630
06-10-03	5580
06-11-03	5490
06-12-03	5475
06/13/2003	5470
06/16/2003	5530
06/17/2003	5530
06/18/2003	5540
06/19/2003	5490
06/20/2003	5525
06/23/2003	5495
06/24/2003	5465
06/25/2003	5380
06/26/2003	5355
06/27/2003	5300
06/30/2003	5315
07-01-03	5355
07-02-03	5390
07-03-03	5380
07-04-03	5390
07-07-03	5375
07-08-03	5310
07-09-03	5300
07-10-03	5265
07-11-03	5265
07/14/2003	5265
07/15/2003	5330
07/16/2003	5260
07/17/2003	5280
07/18/2003	5275
07/21/2003	5320
07/22/2003	5385
07/23/2003	5400
07/24/2003	5485
07/25/2003	5485
07/28/2003	5495
07/29/2003	5520
08-04-03	5340
08-05-03	5350
08-06-03	5375
08-07-03	5345
08-08-03	5390
08-11-03	5435
08-12-03	5435
08/13/2003	5430
08/14/2003	5500
08/18/2003	5490
08/19/2003	5440
08/21/2003	5505
08/22/2003	5470
08/27/2003	5520
08/28/2003	5600
08/29/2003	5615
09-01-03	5690
09-02-03	5685
09-03-03	5635
09-04-03	5655
09-05-03	5635
09-08-03	5685
09-10-03	5720
09-11-03	5720
09-12-03	5710
09/15/2003	5675
09/16/2003	5670
09/17/2003	5650
09/18/2003	5700
09/19/2003	5695
09/22/2003	5800
09/29/2003	5740
09/30/2003	5790
10-01-03	5790
10-03-03	5780
10-06-03	5625
10-07-03	5655
10-08-03	5665
10-09-03	5655
10-10-03	5600
10/13/2003	5600
10/14/2003	5645
10/15/2003	5665
10/16/2003	5610
10/17/2003	5600
10/21/2003	5635
10/22/2003	5740
10/23/2003	5790
10/27/2003	5800
10/28/2003	5775
10/29/2003	5735
10/30/2003	5820
10/31/2003	5760
11-03-03	5760
11-04-03	5690
11-05-03	5735
11-06-03	5730
11-07-03	5705
11-10-03	5730
11-11-03	5755
11-12-03	5775
11/13/2003	5865
11/14/2003	5855
11/18/2003	5880
11/19/2003	5940
11/20/2003	5935
11/21/2003	5925
11/24/2003	5935
11/25/2003	5915
11/27/2003	5970
11/28/2003	5995
12-01-03	6005
12-02-03	6030
12-03-03	6040
12-04-03	6040
12-05-03	6020
12-08-03	6075
12-09-03	6085
12-10-03	6080
12-11-03	6050
12-12-03	6080
12/15/2003	6055
12/16/2003	6100
12/17/2003	6090
12/18/2003	6110
12/19/2003	6105
12/22/2003	6110
12/23/2003	6110
12/24/2003	6125
12/26/2003	6165
12/29/2003	6175
12/30/2003	6200
12/31/2003	6210
01-01-04	6200
01-02-04	6200
01-05-04	6230
01-06-04	6360
01-07-04	6295
01-08-04	6245
01-09-04	6270
01-12-04	6335
01/13/2004	6305
01/14/2004	6280
01/15/2004	6210
01/16/2004	6100
01/19/2004	6095
01/20/2004	6100
01/21/2004	6135
01/22/2004	6130
01/23/2004	6130
01/27/2004	6045
01/28/2004	6125
01/29/2004	6115
01/30/2004	6010
02-03-04	6025
02-04-04	5985
02-05-04	5980
02-06-04	5930
02-09-04	6045
02-10-04	6070
02-11-04	6040
02-12-04	6100
02/13/2004	6105
02/16/2004	6105
02/17/2004	6140
02/18/2004	6140
02/19/2004	6140
02/20/2004	6080
02/23/2004	5980
02/24/2004	6005
02/25/2004	6030
02/26/2004	5915
02/27/2004	5890
03-01-04	5940
03-03-04	5850
03-04-04	5885
03-05-04	5870
03-08-04	5935
03-09-04	5945
03-10-04	5930
03-11-04	5900
03-12-04	5925
03/15/2004	5910
03/16/2004	5925
03/17/2004	5955
03/18/2004	6000
03/19/2004	6045
03/22/2004	6100
03/23/2004	6105
03/24/2004	6105
03/25/2004	6070
03/26/2004	6075
03/29/2004	6075
03/30/2004	6065
03/31/2004	6065
04-01-04	6075
04-02-04	6105
04-05-04	6040
04-06-04	6005
04-07-04	6015
04-08-04	6050
04-12-04	6055
04/13/2004	6040
04/14/2004	5925
04/15/2004	5835
04/16/2004	5835
04/19/2004	5895
04/20/2004	5840
04/21/2004	5765
04/22/2004	5755
04/23/2004	5800
04/27/2004	5840
04/28/2004	5830
04/29/2004	5660
04/30/2004	5730
05-03-04	5785
05-04-04	5810
05-05-04	5845
05-06-04	5805
05-07-04	5725
05-10-04	5600
05-11-04	5675
05-12-04	5700
05/13/2004	5625
05/14/2004	5640
05/17/2004	5730
05/18/2004	5695
05/19/2004	5690
05/20/2004	5690
05/21/2004	5700
05/24/2004	5730
05/25/2004	5765
05/26/2004	5805
05/27/2004	5825
05/28/2004	5865
05/31/2004	5895
06-01-04	5900
06-02-04	5905
06-03-04	5840
06-04-04	5790
06-07-04	5830
06-08-04	5845
06-09-04	5775
06-10-04	5720
06-11-04	5720
06/14/2004	5730
06/15/2004	5730
06/16/2004	5770
06/17/2004	5780
06/18/2004	5820
06/22/2004	5920
06/23/2004	5945
06/24/2004	5970
06/25/2004	6035
06/28/2004	6050
06/29/2004	6010
06/30/2004	5985
07-01-04	5995
07-02-04	5995
07-05-04	6030
07-06-04	6045
07-07-04	6030
07-09-04	6095
07-12-04	6120
07/13/2004	6095
07/14/2004	6115
07/15/2004	6130
07/16/2004	6130
07/19/2004	6165
07/20/2004	6160
07/21/2004	6105
07/22/2004	6060
07/23/2004	6025
07/26/2004	6005
07/27/2004	6005
07/28/2004	5950
07/29/2004	5980
07/30/2004	5975
08-02-04	6010
08-03-04	5980
08-04-04	6010
08-05-04	6000
08-06-04	6000
08-09-04	6070
08-10-04	6095
08-11-04	6070
08-12-04	6060
08/13/2004	6025
08/16/2004	6095
08/17/2004	6135
08/18/2004	6165
08/19/2004	6205
08/20/2004	6210
08/23/2004	6265
08/24/2004	6225
08/25/2004	6210
08/26/2004	6220
08/27/2004	6235
08/31/2004	6245
09-01-04	6245
09-02-04	6240
09-03-04	6220
09-06-04	6155
09-08-04	6100
09-09-04	6120
09-10-04	6125
09/13/2004	6130
09/14/2004	6130
09/15/2004	6135
09/16/2004	6135
09/17/2004	6135
09/20/2004	6135
09/21/2004	6150
09/22/2004	6165
09/23/2004	6175
09/24/2004	6195
09/29/2004	6255
09/30/2004	6265
10-01-04	6330
10-05-04	6270
10-06-04	6335
10-07-04	6330
10-08-04	6330
10-11-04	6365
10-12-04	6340
10/14/2004	6295
10/15/2004	6335
10/18/2004	6345
10/19/2004	6315
10/20/2004	6375
10/21/2004	6410
10/25/2004	6465
10/26/2004	6445
10/27/2004	6435
10/28/2004	6370
10/29/2004	6400
11-01-04	6430
11-02-04	6395
11-03-04	6340
11-04-04	6390
11-05-04	6415
11-08-04	6465
11-09-04	6465
11/16/2004	6505
11/17/2004	6580
11/18/2004	6610
11/19/2004	6610
11/22/2004	6650
11/23/2004	6655
11/24/2004	6670
11/25/2004	6700
11/29/2004	6685
11/30/2004	6665
12-01-04	6630
12-02-04	6635
12-03-04	6555
12-06-04	6575
12-07-04	6545
12-08-04	6495
12-09-04	6395
12-10-04	6400
12/13/2004	6400
12/14/2004	6410
12/15/2004	6390
12/16/2004	6410
12/17/2004	6400
12/20/2004	6410
12/21/2004	6400
12/22/2004	6410
12/23/2004	6395
12/24/2004	6400
12/27/2004	6410
12/28/2004	6425
12/29/2004	6410
12/30/2004	6305
12/31/2004	6305
01-03-05	6275
01-04-05	6160
01-05-05	6180
01-06-05	6185
01-07-05	6130
01-10-05	6120
01-11-05	6125
01-12-05	6115
01/13/2005	6145
01/14/2005	6115
01/17/2005	6110
01/18/2005	6110
01/19/2005	6125
01/20/2005	6115
01/24/2005	6180
01/25/2005	6170
01/27/2005	6170
01/28/2005	6165
01/31/2005	6125
02-01-05	6095
02-02-05	6070
02-03-05	6035
02-07-05	5965
02-08-05	5950
02-09-05	5970
02-10-05	5990
02-11-05	6040
02/14/2005	6095
02/15/2005	6125
02/16/2005	6125
02/17/2005	6130
02/18/2005	6150
02/22/2005	6210
02/23/2005	6235
02/24/2005	6255
02/25/2005	6220
03-01-05	6255
03-02-05	6200
03-03-05	6225
03-07-05	6255
03-09-05	6335
03-10-05	6345
03-11-05	6340
03/14/2005	6360
03/15/2005	6350
03/16/2005	6360
03/17/2005	6375
03/18/2005	6315
03/21/2005	6295
03/22/2005	6225
03/23/2005	6185
03/24/2005	6165
03/28/2005	6155
03/29/2005	6175
04-04-05	6110
04-05-05	6085
04-08-05	6100
04-11-05	6135
04-12-05	6145
04/13/2005	6145
04/15/2005	6090
04/19/2005	6130
04/20/2005	6195
04/21/2005	6205
04/25/2005	6210
04/26/2005	6230
04/27/2005	6215
04/28/2005	6190
04/29/2005	6185
05-02-05	6190
05-03-05	6130
05-04-05	6120
05-05-05	6120
05-06-05	6120
05-09-05	6070
05-10-05	6080
05-11-05	6080
05-12-05	6060
05/13/2005	6005
05/16/2005	5985
05/17/2005	5995
05/18/2005	5995
05/19/2005	6020
05/20/2005	6000
05/23/2005	5970
05/24/2005	5970
05/25/2005	5970
05/26/2005	5970
05/27/2005	5970
05/30/2005	5980
05/31/2005	5960
06-01-05	5965
06-02-05	5970
06-03-05	6030
06-06-05	6045
06-07-05	6070
06-08-05	6055
06-09-05	6040
06-10-05	6030
06/13/2005	6070
06/14/2005	6085
06/15/2005	6090
06/16/2005	6140
06/17/2005	6220
06/20/2005	6255
06/21/2005	6200
06/22/2005	6225
06/23/2005	6220
06/24/2005	6290
06/27/2005	6255
06/28/2005	6235
06/29/2005	6200
06/30/2005	6220
07-01-05	6190
07-04-05	6100
07-05-05	6085
07-06-05	6060
07-07-05	6115
07-08-05	6055
07-11-05	6060
07-12-05	6085
07/13/2005	6065
07/14/2005	6040
07/15/2005	5995
07/18/2005	6015
07/19/2005	5995
07/20/2005	6000
07/21/2005	6030
07/22/2005	6055
07/25/2005	6050
07/26/2005	6050
07/29/2005	6080
08-01-05	6110
08-02-05	6145
08-03-05	6170
08-04-05	6170
08-05-05	6230
08-08-05	6225
08-09-05	6200
08-10-05	6215
08-11-05	6245
08-12-05	6360
08/16/2005	6285
08/17/2005	6325
08/18/2005	6255
08/22/2005	6250
08/23/2005	6285
08/24/2005	6275
08/25/2005	6285
08/26/2005	6275
08/29/2005	6305
08/30/2005	6280
08/31/2005	6250
09-01-05	6285
09-02-05	6380
09-05-05	6380
09-06-05	6375
09-08-05	6380
09-09-05	6400
09-12-05	6435
09/13/2005	6435
09/14/2005	6435
09/15/2005	6455
09/16/2005	6555
09/19/2005	6610
09/20/2005	6705
09/21/2005	6685
09/22/2005	6750
09/23/2005	6645
09/26/2005	6615
09/27/2005	6665
09/28/2005	6650
09/29/2005	6740
09/30/2005	6770
10-03-05	6700
10-04-05	6740
10-05-05	6720
10-06-05	6740
10-07-05	6835
10-10-05	6955
10-11-05	6965
10/13/2005	6925
10/14/2005	6895
10/17/2005	6910
10/18/2005	6965
10/19/2005	6930
10/20/2005	6845
10/21/2005	6820
10/24/2005	6860
10/25/2005	6885
10/26/2005	6945
10/27/2005	6965
10/28/2005	6970
10/31/2005	6965
11-01-05	6895
11-04-05	6855
11-07-05	6855
11-08-05	6865
11-09-05	6925
11-10-05	6980
11-11-05	6960
11/14/2005	7020
11/16/2005	7055
11/17/2005	7175
11/18/2005	7265
11/21/2005	7295
11/22/2005	7375
11/23/2005	7310
11/24/2005	7355
11/25/2005	7400
11/28/2005	7465
11/29/2005	7450
11/30/2005	7410
12-01-05	7420
12-02-05	7585
12-05-05	7635
12-06-05	7655
12-07-05	7720
12-08-05	7775
12-09-05	7880
12-12-05	8100
12/13/2005	7865
12/14/2005	7685
12/15/2005	7455
12/16/2005	7445
12/19/2005	7485
12/20/2005	7460
12/21/2005	7315
12/22/2005	7315
12/23/2005	7425
12/26/2005	7440
12/27/2005	7480
12/28/2005	7515
12/29/2005	7615
12/30/2005	7540
01-02-06	7620
01-03-06	7635
01-04-06	7800
01-05-06	7740
01-06-06	7700
01-09-06	7815
01-10-06	7870
01-12-06	7860
01/13/2006	7870
01/16/2006	8035
01/17/2006	8050
01/18/2006	7910
01/19/2006	7935
01/20/2006	8075
01/23/2006	8025
01/24/2006	8020
01/25/2006	8085
01/27/2006	8055
01/30/2006	8070
01/31/2006	8170
02-01-06	8160
02-02-06	8225
02-03-06	8230
02-06-06	8215
02-07-06	8210
02-08-06	7940
02-10-06	8055
02/13/2006	7905
02/14/2006	7810
02/15/2006	7865
02/16/2006	7815
02/17/2006	7900
02/20/2006	8015
02/21/2006	8000
02/22/2006	8015
02/23/2006	8015
02/24/2006	7985
02/27/2006	8050
02/28/2006	8050
03-01-06	8105
03-02-06	8130
03-03-06	8205
03-06-06	8190
03-07-06	8035
03-08-06	7975
03-09-06	7945
03-10-06	7920
03/13/2006	7900
03/14/2006	7895
03/16/2006	7990
03/17/2006	8020
03/20/2006	8025
03/21/2006	8000
03/22/2006	7980
03/23/2006	7965
03/24/2006	7990
03/27/2006	8180
03/28/2006	8200
03/29/2006	8200
03/30/2006	8200
03/31/2006	8490
04-03-06	8495
04-04-06	8530
04-05-06	8510
04-07-06	8665
04-10-06	8705
04-12-06	8770
04/13/2006	8775
04/17/2006	8920
04/18/2006	9100
04/19/2006	9215
04/20/2006	9500
04/21/2006	9170
04/24/2006	9300
04/25/2006	9215
04/26/2006	9270
04/27/2006	9295
04/28/2006	9345
05-02-06	9625
05-03-06	9840
05-04-06	9730
05-05-06	9945
05-08-06	9935
05-09-06	9955
05-10-06	10265
05-11-06	10385
05-12-06	10665
05/15/2006	10265
05/16/2006	10145
05/17/2006	10500
05/18/2006	10180
05/19/2006	10110
05/22/2006	9580
05/23/2006	9735
05/24/2006	9850
05/25/2006	9610
05/26/2006	9700
05/29/2006	9680
05/30/2006	9755
05/31/2006	9775
06-01-06	9525
06-02-06	9480
06-05-06	9580
06-06-06	9460
06-07-06	9300
06-08-06	9245
06-09-06	9135
06-12-06	9040
06/13/2006	8835
06/14/2006	8470
06/15/2006	8560
06/16/2006	8680
06/19/2006	8500
06/20/2006	8540
06/21/2006	8605
06/22/2006	8845
06/23/2006	8720
06/26/2006	8790
06/27/2006	8855
06/28/2006	8800
06/29/2006	8755
06/30/2006	8985
07-03-06	9290
07-06-06	9345
07-07-06	9450
07-10-06	9360
07-11-06	9440
07-12-06	9690
07/13/2006	9770
07/14/2006	9940
07/17/2006	10070
07/18/2006	9835
07/19/2006	9500
07/20/2006	9745
07/21/2006	9550
07/24/2006	9385
07/25/2006	9445
07/26/2006	9390
07/27/2006	9560
07/28/2006	9545
07/31/2006	9605
08-01-06	9595
08-02-06	9800
08-03-06	9785
08-04-06	9765
08-07-06	9800
08-08-06	9745
08-09-06	9745
08-10-06	9810
08-11-06	9690
08/14/2006	9485
08/17/2006	9520
08/18/2006	9325
08/21/2006	9390
08/22/2006	9470
08/23/2006	9450
08/24/2006	9445
08/25/2006	9425
08/28/2006	9420
08/29/2006	9330
08/30/2006	9300
08/31/2006	9400
09-01-06	9440
09-04-06	9435
09-05-06	9475
09-07-06	9495
09-08-06	9225
09-11-06	8985
09-12-06	8995
09/13/2006	8810
09/14/2006	8925
09/15/2006	8690
09/18/2006	8760
09/19/2006	8770
09/20/2006	8645
09/21/2006	8715
09/22/2006	8905
09/25/2006	8885
09/26/2006	8880
09/27/2006	8935
09/28/2006	9045
09/29/2006	9030
10-03-06	8880
10-04-06	8650
10-05-06	8535
10-06-06	8520
10-09-06	8635
10-10-06	8605
10-11-06	8540
10-12-06	8555
10/13/2006	8600
10/16/2006	8788
10/17/2006	8810
10/18/2006	8746
10/19/2006	8708
10/20/2006	8842
10/23/2006	8751
10/26/2006	8735
10/27/2006	8739
10/30/2006	8860
10/31/2006	8805
11-01-06	8911
11-02-06	9007
11-03-06	9129
11-06-06	9128
11-07-06	9113
11-08-06	9092
11-09-06	8964
11-10-06	9191
11/13/2006	9175
11/14/2006	9150
11/15/2006	9140
11/16/2006	9150
11/17/2006	9035
11/20/2006	9110
11/21/2006	9115
11/22/2006	9140
11/23/2006	9160
11/24/2006	9240
11/27/2006	9280
11/28/2006	9265
11/29/2006	9270
11/30/2006	9265
12-01-06	9350
12-04-06	9355
12-05-06	9315
12-06-06	9245
12-07-06	9155
12-08-06	9170
12-11-06	9120
12-12-06	9175
12/13/2006	9165
12/14/2006	9130
12/15/2006	9095
12/18/2006	9000
12/19/2006	8985
12/21/2006	9025
12/22/2006	8985
12/26/2006	9055
12/27/2006	9055
12/28/2006	9050
12/29/2006	9145
01-02-07	9210
01-04-07	9050
01-05-07	9005
01-08-07	8820
01-09-07	8865
01-10-07	8855
01-11-07	8880
01-12-07	9005
01/16/2007	9020
01/17/2007	8970
01/18/2007	9105
01/19/2007	9050
01/22/2007	9125
01/23/2007	9125
01/24/2007	9245
01/25/2007	9315
01/29/2007	9255
01/31/2007	9275
02-02-07	9400
02-05-07	9285
02-06-07	9360
02-07-07	9390
02-08-07	9320
02-09-07	9430
02-12-07	9520
02/13/2007	9535
02/14/2007	9585
02/15/2007	9585
02/20/2007	9590
02/21/2007	9450
02/22/2007	9710
02/23/2007	9720
02/26/2007	9820
02/27/2007	9820
02/28/2007	9715
03-01-07	9680
03-02-07	9525
03-05-07	9260
03-06-07	9330
03-07-07	9340
03-08-07	9425
03-09-07	9415
03-12-07	9375
03/13/2007	9345
03/14/2007	9235
03/15/2007	9285
03/16/2007	9340
03/20/2007	9325
03/21/2007	9370
03/22/2007	9430
03/23/2007	9385
03/26/2007	9310
03/28/2007	9340
03/29/2007	9435
03/30/2007	9400
04-02-07	9370
04-03-07	9305
04-04-07	9320
04-05-07	9410
04-09-07	9390
04-10-07	9425
04-11-07	9445
04-12-07	9445
04/13/2007	9410
04/16/2007	9405
04/17/2007	9370
04/18/2007	9410
04/19/2007	9395
04/20/2007	9370
04/23/2007	9360
04/24/2007	9260
04/25/2007	9150
04/26/2007	9095
04/27/2007	9005
04/30/2007	9100
05-03-07	9055
05-04-07	9080
05-07-07	9120
05-08-07	9110
05-09-07	9120
05-10-07	9070
05-11-07	8980
05/14/2007	8980
05/15/2007	8875
05/16/2007	8915
05/17/2007	8800
05/18/2007	8755
05/21/2007	8730
05/22/2007	8755
05/23/2007	8705
05/24/2007	8720
05/25/2007	8655
05/28/2007	8650
05/29/2007	8670
05/31/2007	8690
06-01-07	8745
06-04-07	8840
06-05-07	8850
06-06-07	8850
06-07-07	8860
06-08-07	8765
06-11-07	8660
06-12-07	8640
06/13/2007	8600
06/14/2007	8645
06/15/2007	8655
06/18/2007	8725
06/19/2007	8690
06/20/2007	8760
06/21/2007	8660
06/22/2007	8660
06/25/2007	8650
06/26/2007	8650
06/27/2007	8560
06/28/2007	8585
06/29/2007	8615
07-02-07	8610
07-03-07	8660
07-04-07	8615
07-05-07	8625
07-06-07	8620
07-09-07	8625
07-10-07	8675
07-11-07	8720
07-12-07	8740
07/13/2007	8775
07/16/2007	8760
07/17/2007	8710
07/18/2007	8765
07/19/2007	8825
07/20/2007	8865
07/23/2007	8950
07/24/2007	8930
07/25/2007	8880
07/26/2007	8830
07/27/2007	8720
07/30/2007	8720
07/31/2007	8760
08-01-07	8700
08-02-07	8750
08-03-07	8735
08-06-07	8850
08-07-07	8800
08-08-07	8855
08-09-07	8810
08-10-07	8735
08/13/2007	8845
08/14/2007	8845
08/16/2007	8895
08/17/2007	8790
08/20/2007	8815
08/21/2007	8800
08/22/2007	8765
08/23/2007	8845
08/24/2007	8825
08/27/2007	8900
08/29/2007	8895
08/30/2007	8885
08/31/2007	8905
09-03-07	8940
09-05-07	9040
09-06-07	9070
09-07-07	9210
09-10-07	9295
09-11-07	9290
09-12-07	9340
09/13/2007	9285
09/14/2007	9280
09/17/2007	9355
09/18/2007	9470
09/19/2007	9445
09/20/2007	9425
09/21/2007	9515
09/24/2007	9500
09/26/2007	9420
09/27/2007	9420
09/28/2007	9510
10-01-07	9605
10-03-07	9440
10-04-07	9320
10-05-07	9430
10-08-07	9440
10-09-07	9345
10-10-07	9480
10-11-07	9525
10-12-07	9540
10/15/2007	9650
10/16/2007	9715
10/17/2007	9750
10/18/2007	9780
10/19/2007	9915
10/22/2007	9745
10/23/2007	9755
10/24/2007	9720
10/25/2007	9825
10/26/2007	9940
10/29/2007	10135
10/30/2007	10025
10/31/2007	10000
11-01-07	10120
11-02-07	10100
11-05-07	10230
11-06-07	10410
11-07-07	10685
11-08-07	10605
11-12-07	10410
11/13/2007	10285
11/14/2007	10315
11/15/2007	10280
11/16/2007	10050
11/19/2007	10070
11/20/2007	10060
11/21/2007	10180
11/22/2007	10265
11/23/2007	10380
11/26/2007	10695
11/27/2007	10625
11/28/2007	10295
11/29/2007	10390
11/30/2007	10095
12-03-07	10050
12-04-07	10130
12-05-07	10270
12-06-07	10105
12-07-07	10215
12-10-07	10215
12-11-07	10295
12-12-07	10285
12/13/2007	10335
12/14/2007	10180
12/17/2007	10110
12/18/2007	10210
12/19/2007	10280
12/20/2007	10260
12/24/2007	10370
12/26/2007	10395
12/27/2007	10515
12/28/2007	10610
12/31/2007	10695
01-01-08	10650
01-02-08	10760
01-03-08	11035
01-04-08	10950
01-07-08	10930
01-08-08	11080
01-09-08	11280
01-10-08	11140
01-11-08	11355
01/14/2008	11575
01/15/2008	11525
01/16/2008	11230
01/17/2008	11240
01/18/2008	11145
01/21/2008	11190
01/22/2008	11055
01/23/2008	11370
01/24/2008	11425
01/25/2008	11725
01/28/2008	11710
01/29/2008	11845
01/30/2008	11785
01/31/2008	11785
02-01-08	11585
02-04-08	11515
02-05-08	11405
02-06-08	11470
02-07-08	11630
02-08-08	11825
02-11-08	11895
02-12-08	11835
02/13/2008	11620
02/14/2008	11685
02/15/2008	11788
02/18/2008	11650
02/20/2008	12005
02/21/2008	12200
02/22/2008	12230
02/25/2008	12265
02/26/2008	12055
02/27/2008	12345
02/28/2008	12325
02/29/2008	12520
03-03-08	12745
03-04-08	12805
03-05-08	12585
03-07-08	12780
03-10-08	12740
03-11-08	12845
03-12-08	12725
03/13/2008	12965
03/14/2008	13110
03/17/2008	13495
03/18/2008	13205
03/19/2008	12980
03/20/2008	12075
03/24/2008	12005
03/25/2008	12115
03/26/2008	12285
03/27/2008	12330
03/28/2008	12225
03/31/2008	12125
04-01-08	11685
04-02-08	11560
04-03-08	11635
04-04-08	11740
04-07-08	11860
04-08-08	11935
04-09-08	11740
04-10-08	12125
04-11-08	11970
04/15/2008	12080
04/16/2008	12115
04/17/2008	12260
04/21/2008	11905
04/22/2008	11900
04/23/2008	11885
04/24/2008	11730
04/25/2008	11550
04/28/2008	11615
04/29/2008	11605
04/30/2008	11400
05-05-08	11400
05-06-08	11600
05-07-08	11655
05-08-08	11750
05-09-08	11940
05-12-08	11995
05/13/2008	11955
05/14/2008	11870
05/15/2008	11915
05/16/2008	12225
05/19/2008	12515
05/20/2008	12500
05/21/2008	12800
05/22/2008	12885
05/23/2008	12800
05/26/2008	12800
05/27/2008	12835
05/28/2008	12405
05/29/2008	12385
05/30/2008	12170
06-02-08	12190
06-03-08	12315
06-04-08	12155
06-05-08	12100
06-06-08	12520
06-09-08	12555
06-10-08	12320
06-11-08	12120
06-12-08	12070
06/13/2008	12100
06/16/2008	12200
06/17/2008	12270
06/18/2008	12285
06/19/2008	12350
06/20/2008	12550
06/23/2008	12550
06/24/2008	12360
06/25/2008	12275
06/26/2008	12340
06/27/2008	12825
06/30/2008	12945
07-01-08	12965
07-02-08	12980
07-03-08	13135
07-04-08	12975
07-07-08	12865
07-08-08	12920
07-09-08	12850
07-10-08	12965
07-11-08	13325
07/14/2008	13310
07/15/2008	13680
07/16/2008	13560
07/17/2008	13285
07/18/2008	13235
07/21/2008	13320
07/22/2008	13425
07/23/2008	12795
07/24/2008	12630
07/25/2008	12705
07/28/2008	12780
07/29/2008	12800
07/30/2008	12495
07/31/2008	12550
08-01-08	12510
08-04-08	12470
08-05-08	12135
08-06-08	12080
08-07-08	12060
08-08-08	11840
08-11-08	11815
08-12-08	11300
08/13/2008	11430
08/14/2008	11680
08/18/2008	11410
08/19/2008	11470
08/20/2008	11700
08/21/2008	11740
08/22/2008	11810
08/25/2008	11790
08/26/2008	11695
08/27/2008	11895
08/28/2008	11935
08/29/2008	11950
09-01-08	11945
09-02-08	11725
09-04-08	11710
09-05-08	11605
09-08-08	11745
09-09-08	11680
09-10-08	11465
09-11-08	11190
09-12-08	11305
09/15/2008	11610
09/16/2008	11795
09/17/2008	11755
09/18/2008	13020
09/19/2008	12490
09/22/2008	12795
09/23/2008	13035
09/24/2008	13015
09/25/2008	13110
09/26/2008	13025
09/29/2008	13160
09/30/2008	13410
10-01-08	13200
10-03-08	12825
10-06-08	13130
10-07-08	13470
10-08-08	13820
10-10-08	13420
10/13/2008	13345
10/14/2008	13130
10/15/2008	13225
10/16/2008	13205
10/17/2008	12585
10/20/2008	12735
10/21/2008	12525
10/22/2008	12155
10/23/2008	11640
10/24/2008	11530
10/27/2008	11855
10/31/2008	11795
11-03-08	11765
11-04-08	11625
11-05-08	11745
11-06-08	11645
11-07-08	11670
11-10-08	11785
11-11-08	11750
11-12-08	11815
11/13/2008	11815
11/14/2008	11795
11/17/2008	11960
11/18/2008	11985
11/19/2008	12015
11/20/2008	12175
11/21/2008	12330
11/24/2008	13135
11/25/2008	13065
11/26/2008	13045
11/27/2008	13045
11/28/2008	13090
12-01-08	13010
12-02-08	12600
12-03-08	12615
12-04-08	12490
12-05-08	12190
12-08-08	12375
12-09-08	12375
12-10-08	12460
12-11-08	12865
12-12-08	12890
12/15/2008	12905
12/16/2008	12945
12/17/2008	13090
12/18/2008	13205
12/19/2008	12810
12/22/2008	13045
12/23/2008	13205
12/24/2008	13135
12/26/2008	13440
12/29/2008	13720
12/30/2008	13520
12/31/2008	13435
01-01-09	13610
01-02-09	13575
01-05-09	13425
01-06-09	13220
01-07-09	13528
01-08-09	13445
01-09-09	13375
01-12-09	13325
01/13/2009	12990
01/14/2009	13055
01/15/2009	12905
01/16/2009	13000
01/19/2009	13195
01/20/2009	13215
01/21/2009	13610
01/22/2009	13485
01/23/2009	13765
01/26/2009	14075
01/27/2009	14005
01/28/2009	13865
01/29/2009	13740
01/30/2009	14175
02-02-09	14085
02-03-09	14040
02-04-09	13970
02-05-09	14145
02-06-09	14180
02-09-09	14090
02-10-09	14055
02-11-09	14390
02-12-09	14705
02/13/2009	14675
02/16/2009	14755
02/17/2009	15230
02/18/2009	15490
02/20/2009	15600
02/23/2009	15745
02/24/2009	15705
02/25/2009	15335
02/26/2009	15255
02/27/2009	15345
03-02-09	15665
03-03-09	15335
03-04-09	15075
03-05-09	15170
03-06-09	15420
03-09-09	15145
03-12-09	15160
03/13/2009	15225
03/16/2009	15205
03/17/2009	15185
03/18/2009	15050
03/19/2009	15185
03/20/2009	15425
03/23/2009	15365
03/24/2009	15115
03/25/2009	15055
03/26/2009	15175
03/27/2009	15120
03/30/2009	15120
03/31/2009	15105
04-01-09	15130
04-02-09	14585
04-06-09	14270
04-08-09	14421
04-09-09	14305
04/13/2009	14485
04/15/2009	14385
04/16/2009	14330
04/17/2009	14045
04/20/2009	14185
04/21/2009	14485
04/22/2009	14410
04/23/2009	14465
04/24/2009	14695
04/27/2009	14830
04/28/2009	14685
04/29/2009	14535
05-04-09	14385
05-05-09	14455
05-06-09	14510
05-07-09	14620
05-08-09	14610
05-11-09	14605
05-12-09	14650
05/13/2009	14805
05/14/2009	14890
05/15/2009	14830
05/18/2009	14440
05/19/2009	14295
05/20/2009	14330
05/21/2009	14435
05/22/2009	14785
05/25/2009	14605
05/26/2009	14645
05/27/2009	14615
05/28/2009	14665
05/29/2009	14865
06-01-09	14965
06-02-09	14855
06-03-09	14875
06-04-09	14760
06-05-09	14880
06-08-09	14605
06-09-09	14630
06-10-09	14705
06-11-09	14645
06-12-09	14615
06/15/2009	14450
06/16/2009	14470
06/17/2009	14490
06/18/2009	14595
06/19/2009	14545
06/22/2009	14530
06/23/2009	14485
06/24/2009	14540
06/25/2009	14680
06/26/2009	14720
06/29/2009	14640
06/30/2009	14580
07-01-09	14440
07-02-09	14490
07-03-09	14470
07-07-09	14615
07-08-09	14615
07-09-09	14510
07-10-09	14485
07/13/2009	14585
07/14/2009	14655
07/15/2009	14745
07/16/2009	14825
07/17/2009	14815
07/20/2009	14940
07/21/2009	14920
07/22/2009	14935
07/23/2009	15020
07/24/2009	14955
07/27/2009	15020
07/28/2009	14985
07/29/2009	14765
07/30/2009	14725
07/31/2009	14700
08-03-09	14850
08-04-09	14810
08-05-09	14810
08-06-09	14945
08-07-09	14970
08-10-09	14870
08-11-09	14810
08-12-09	14855
08/13/2009	14970
08/17/2009	14905
08/18/2009	14890
08/19/2009	14905
08/20/2009	14965
08/21/2009	15055
08/24/2009	15085
08/25/2009	15030
08/26/2009	15075
08/27/2009	15055
08/28/2009	15165
08/31/2009	15180
09-01-09	15140
09-03-09	15245
09-04-09	15785
09-07-09	15740
09-08-09	15875
09-09-09	15730
09-10-09	15610
09-11-09	15860
09/14/2009	15180
09/15/2009	15785
09/16/2009	15980
09/17/2009	15940
09/18/2009	15740
09/22/2009	15870
09/23/2009	15865
09/24/2009	15840
09/25/2009	15555
09/29/2009	15525
09/30/2009	15620
10-01-09	15635
10-05-09	15560
10-06-09	15680
10-07-09	15845
10-08-09	15870
10-09-09	15855
10-12-09	15930
10/14/2009	16010
10/15/2009	15820
10/16/2009	15800
10/21/2009	15920
10/22/2009	16035
10/23/2009	16035
10/26/2009	15990
10/27/2009	15885
10/28/2009	15900
10/29/2009	15910
10/30/2009	15985
11-02-09	16085
11-03-09	16240
11-04-09	16630
11-05-09	16610
11-06-09	16605
11-09-09	16705
11-10-09	16615
11-11-09	16780
11-12-09	16880
11/13/2009	16845
11/16/2009	16930
11/17/2009	17015
11/18/2009	17205
11/19/2009	17190
11/20/2009	17295
11/23/2009	17610
11/24/2009	17635
11/25/2009	17710
11/26/2009	17975
11/27/2009	17825
11/30/2009	17685
12-01-09	17950
12-02-09	18220
12-03-09	18210
12-04-09	17600
12-07-09	17335
12-08-09	17610
12-09-09	17305
12-10-09	17075
12-11-09	16960
12/14/2009	17000
12/15/2009	16925
12/16/2009	17155
12/17/2009	17100
12/18/2009	16960
12/21/2009	16950
12/22/2009	16670
12/23/2009	16500
12/24/2009	16760
12/25/2009	16775
12/28/2009	16870
12/29/2009	16760
12/30/2009	16600
12/31/2009	16690
01-04-10	16770
01-05-10	16860
01-06-10	16805
01-07-10	16795
01-08-10	16720
01-11-10	17045
01-12-10	17030
01/13/2010	16785
01/14/2010	16855
01/15/2010	16845
01/18/2010	16840
01/19/2010	16850
01/20/2010	16855
01/21/2010	16555
01/22/2010	16435
01/25/2010	16540
01/27/2010	16505
01/28/2010	16405
01/29/2010	16285
02-01-10	16300
02-02-10	16710
02-03-10	16710
02-04-10	16570
02-05-10	16055
02-08-10	16275
02-09-10	16210
02-10-10	16310
02-11-10	16290
02/15/2010	16550
02/16/2010	16710
02/17/2010	16750
02/18/2010	16615
02/22/2010	16840
02/23/2010	16700
02/24/2010	16455
02/25/2010	16480
02/26/2010	16755
03-02-10	16835
03-03-10	17040
03-04-10	17045
03-05-10	16940
03-08-10	16880
03-09-10	16675
03-10-10	16735
03-11-10	16505
03-12-10	16600
03/15/2010	16505
03/17/2010	16775
03/18/2010	16715
03/19/2010	16695
03/22/2010	16465
03/23/2010	16410
03/25/2010	16310
03/26/2010	16290
03/29/2010	16375
03/30/2010	16365
03/31/2010	16320
04-01-10	16380
04-02-10	16485
04-05-10	16430
04-06-10	16395
04-07-10	16540
04-08-10	16660
04-09-10	16735
04-12-10	16905
04/13/2010	16780
04/15/2010	16750
04/16/2010	16760
04/19/2010	16505
04/20/2010	16625
04/21/2010	16620
04/22/2010	16650
04/23/2010	16600
04/26/2010	16765
04/27/2010	16740
04/28/2010	16960
04/29/2010	16995
04/30/2010	17025
05-03-10	17170
05-05-10	17140
05-06-10	17470
05-07-10	17845
05-10-10	17495
05-11-10	17970
05-12-10	18255
05/13/2010	18140
05/14/2010	18325
05/17/2010	18265
05/18/2010	18020
05/19/2010	18235
05/20/2010	18090
05/21/2010	18085
05/24/2010	18150
05/25/2010	18475
05/26/2010	18660
05/27/2010	18570
05/28/2010	18400
05/31/2010	18405
06-01-10	18750
06-02-10	18725
06-03-10	18545
06-04-10	18335
06-07-10	18645
06-08-10	19050
06-09-10	18880
06-10-10	18725
06-11-10	18640
06/14/2010	18615
06/15/2010	18580
06/16/2010	18720
06/17/2010	18690
06/18/2010	18790
06/21/2010	18790
06/22/2010	18850
06/23/2010	18735
06/24/2010	18665
06/25/2010	18820
06/28/2010	18895
06/29/2010	18770
06/30/2010	18830
07-01-10	18855
07-02-10	18465
07-06-10	18495
07-07-10	18290
07-08-10	18365
07-09-10	18265
07-12-10	18390
07/13/2010	18410
07/14/2010	18460
07/15/2010	18440
07/16/2010	18395
07/19/2010	18290
07/20/2010	18220
07/21/2010	18375
07/22/2010	18270
07/23/2010	18350
07/26/2010	18245
07/27/2010	18065
07/28/2010	17765
07/29/2010	17445
07/30/2010	17770
08-02-10	17810
08-03-10	17905
08-04-10	18030
08-05-10	18030
08-06-10	18010
08-09-10	18185
08-10-10	18125
08-11-10	18235
08-12-10	18405
08/13/2010	18530
08/16/2010	18665
08/17/2010	18670
08/18/2010	18615
08/19/2010	18655
08/20/2010	18735
08/23/2010	18690
08/25/2010	18915
08/26/2010	18970
08/27/2010	18930
08/30/2010	18930
08/31/2010	18945
09-01-10	19140
09-03-10	19065
09-06-10	18975
09-07-10	19045
09-08-10	19165
09-09-10	19075
09/13/2010	18855
09/14/2010	19020
09/15/2010	19185
09/16/2010	19185
09/17/2010	19145
09/20/2010	19090
09/21/2010	19060
09/23/2010	19210
09/27/2010	19090
09/28/2010	19015
09/29/2010	19165
09/30/2010	19150
10-01-10	19095
10-04-10	19140
10-05-10	19315
10-06-10	19505
10-07-10	19585
10-08-10	19260
10-11-10	19540
10-12-10	19590
10/13/2010	19695
10/14/2010	19880
10/15/2010	19820
10/18/2010	19900
10/19/2010	19735
10/20/2010	19650
10/21/2010	19485
10/22/2010	19245
10/25/2010	19460
10/26/2010	19400
10/27/2010	19370
10/28/2010	19310
10/29/2010	19450
11-01-10	19745
11-02-10	19655
11-03-10	19645
11-04-10	19635
11-08-10	19920
11-09-10	20455
11-10-10	20235
11-11-10	20425
11-12-10	20240
11/15/2010	20150
11/16/2010	20085
11/18/2010	20030
11/19/2010	20050
11/22/2010	20090
11/23/2010	20235
11/24/2010	20505
11/25/2010	20370
11/26/2010	20385
11/29/2010	20325
11/30/2010	20540
12-01-10	20615
12-02-10	20525
12-03-10	20455
12-06-10	20705
12-07-10	20780
12-08-10	20530
12-09-10	20430
12-10-10	20435
12/13/2010	20455
12/14/2010	20580
12/15/2010	20530
12/16/2010	20455
12/17/2010	20380
12/20/2010	20480
12/21/2010	20450
12/22/2010	20435
12/23/2010	20390
12/24/2010	20360
12/27/2010	20400
12/28/2010	20505
12/29/2010	20615
12/30/2010	20660
12/31/2010	20585
01-03-11	20680
01-04-11	20630
01-05-11	20385
01-06-11	20295
01-07-11	20150
01-10-11	20300
01-11-11	20340
01-12-11	20345
01/13/2011	20345
01/14/2011	20265
01/17/2011	20205
01/18/2011	20280
01/19/2011	20320
01/20/2011	20270
01/21/2011	20040
01/24/2011	20065
01/25/2011	19800
01/27/2011	19925
01/28/2011	19660
01/31/2011	19945
02-01-11	19995
02-02-11	19885
02-03-11	19825
02-04-11	20065
02-07-11	20000
02-08-11	20005
02-09-11	20195
02-10-11	20230
02-11-11	20280
02/14/2011	20155
02/15/2011	20350
02/16/2011	20370
02/17/2011	20370
02/18/2011	20430
02/21/2011	20595
02/22/2011	20620
02/23/2011	20635
02/24/2011	20960
02/25/2011	20745
02/28/2011	20800
03-01-11	20770
03-03-11	20970
03-04-11	20795
03-07-11	21125
03-08-11	21060
03-09-11	20945
03-10-11	20925
03-11-11	20785
03/14/2011	20930
03/15/2011	20760
03/16/2011	20590
03/17/2011	20610
03/18/2011	20785
03/21/2011	20955
03/22/2011	20890
03/23/2011	20925
03/24/2011	20995
03/25/2011	20870
03/28/2011	20695
03/29/2011	20625
03/30/2011	20695
03/31/2011	20775
04-01-11	20805
04-05-11	20745
04-06-11	20980
04-07-11	20980
04-08-11	21090
04-11-11	21215
04/13/2011	21140
04/15/2011	21355
04/18/2011	21440
04/19/2011	21665
04/20/2011	21720
04/21/2011	21760
04/22/2011	21825
04/25/2011	21995
04/26/2011	21800
04/27/2011	21795
04/28/2011	22130
04/29/2011	22145
05-03-11	22355
05-04-11	22250
05-05-11	21905
05-06-11	21685
05-09-11	21955
05-10-11	22085
05-11-11	22150
05-12-11	21755
05/13/2011	22080
05/16/2011	21945
05/17/2011	21955
05/18/2011	21910
05/19/2011	21900
05/20/2011	21930
05/23/2011	22235
05/24/2011	22370
05/25/2011	22520
05/26/2011	22385
05/27/2011	22445
05/30/2011	22520
05/31/2011	22555
06-01-11	22380
06-02-11	22515
06-03-11	22310
06-06-11	22505
06-07-11	22515
06-08-11	22335
06-09-11	22355
06-10-11	22425
06/13/2011	22310
06/14/2011	22115
06/15/2011	22135
06/16/2011	22285
06/17/2011	22290
06/20/2011	22485
06/21/2011	22510
06/22/2011	22505
06/23/2011	22495
06/24/2011	22220
06/27/2011	22020
06/28/2011	21990
06/29/2011	22030
06/30/2011	21965
07-01-11	21630
07-04-11	21615
07-05-11	21720
07-06-11	21890
07-07-11	22080
07-08-11	22050
07-11-11	22350
07-12-11	22455
07/13/2011	22750
07/15/2011	22890
07/18/2011	23180
07/19/2011	23185
07/20/2011	22965
07/21/2011	23140
07/22/2011	22995
07/25/2011	23340
07/26/2011	23160
07/27/2011	23205
07/28/2011	23150
07/29/2011	23185
08-01-11	23150
08-02-11	23375
08-03-11	23955
08-04-11	24025
08-05-11	24170
08-08-11	24930
08-09-11	25805
08-10-11	25805
08-11-11	26195
08-12-11	25815
08/16/2011	26155
08/17/2011	26395
08/18/2011	26790
08/19/2011	27750
08/23/2011	27805
08/24/2011	27510
08/25/2011	25670
08/26/2011	26805
08/29/2011	27115
08/31/2011	27305
09-02-11	27610
09-05-11	28160
09-06-11	28170
09-07-11	27490
09-08-11	27570
09-09-11	27695
09-12-11	28125
09/13/2011	27835
09/14/2011	28165
09/15/2011	27755
09/16/2011	27370
09/19/2011	28160
09/20/2011	27815
09/21/2011	28210
09/22/2011	28340
09/23/2011	27475
09/26/2011	26225
09/27/2011	26675
09/28/2011	26195
09/29/2011	25685
09/30/2011	25995
10-03-11	26535
10-04-11	26675
10-05-11	25915
10-07-11	26420
10-10-11	26450
10-11-11	26640
10-12-11	26760
10/13/2011	26630
10/14/2011	26650
10/17/2011	26740
10/18/2011	26590
10/19/2011	26325
10/20/2011	26200
10/21/2011	26450
10/24/2011	26785
10/25/2011	26720
10/31/2011	27220
11-01-11	27215
11-02-11	27565
11-03-11	27660
11-04-11	27970
11-08-11	28630
11-09-11	28825
11-11-11	28615
11/14/2011	28950
11/15/2011	28900
11/16/2011	29140
11/17/2011	28965
11/18/2011	28650
11/21/2011	28730
11/22/2011	28780
11/23/2011	28665
11/24/2011	28640
11/25/2011	28415
11/28/2011	28765
11/29/2011	28810
11/30/2011	28965
12-01-11	29050
12-02-11	29020
12-05-11	28965
12-06-11	28745
12-07-11	28870
12-08-11	29135
12-09-11	28960
12-12-11	28720
12/13/2011	28700
12/14/2011	28460
12/15/2011	27685
12/16/2011	27255
12/19/2011	27370
12/20/2011	27570
12/21/2011	27720
12/22/2011	27515
12/23/2011	27590
12/26/2011	27550
12/28/2011	27415
12/29/2011	26570
12/30/2011	27100
01-02-12	27175
01-03-12	27465
01-04-12	27550
01-05-12	27690
01-06-12	27740
01-09-12	27590
01-10-12	27435
01-11-12	27540
01-12-12	27690
01/13/2012	27450
01/16/2012	27470
01/17/2012	27695
01/18/2012	27415
01/19/2012	27430
01/20/2012	27245
01/23/2012	27510
01/24/2012	27405
01/27/2012	27875
01/30/2012	27985
01/31/2012	28140
02-01-12	28190
02-02-12	28115
02-03-12	28100
02-06-12	27645
02-07-12	27650
02-08-12	28120
02-09-12	28075
02-10-12	27880
02/13/2012	28150
02/14/2012	27765
02/15/2012	27875
02/17/2012	27930
02/21/2012	28030
02/22/2012	28290
02/23/2012	28600
02/24/2012	28530
02/27/2012	28500
02/28/2012	28545
02/29/2012	28620
03-01-12	27680
03-02-12	27805
03-05-12	27715
03-06-12	27805
03-07-12	27680
03-09-12	27760
03-12-12	27870
03/13/2012	27720
03/14/2012	27370
03/15/2012	27385
03/16/2012	27630
03/20/2012	27715
03/21/2012	27860
03/22/2012	27930
03/31/2012	28040
04-09-12	27985
04-10-12	28120
04-11-12	28395
04/13/2012	28615
04/16/2012	28410
04/17/2012	28460
04/18/2012	28460
04/19/2012	28470
04/23/2012	28635
04/24/2012	28885
04/25/2012	28820
04/26/2012	28910
04/27/2012	29045
04/30/2012	29215
05-02-12	29235
05-03-12	29700
05-04-12	29210
05-07-12	29040
05-08-12	28935
05-09-12	28550
05-10-12	28445
05-11-12	28385
05/14/2012	28180
05/15/2012	28105
05/16/2012	27940
05/17/2012	28170
05/18/2012	28840
05/21/2012	29110
05/22/2012	29065
05/24/2012	29060
05/25/2012	28895
05/28/2012	29080
05/29/2012	29235
05/30/2012	29065
06-01-12	29005
06-04-12	29800
06-05-12	29810
06-06-12	29940
06-07-12	29680
06-08-12	29285
06-11-12	29590
06-12-12	29610
06/13/2012	29610
06/14/2012	30000
06/15/2012	30025
06/18/2012	30100
06/19/2012	30295
06/20/2012	30130
06/21/2012	30065
06/25/2012	29850
06/26/2012	30050
06/27/2012	29930
06/28/2012	29840
06/29/2012	29530
07-02-12	29550
07-03-12	29430
07-04-12	29430
07-05-12	29680
07-06-12	29520
07-09-12	29540
07-10-12	29475
07-11-12	29200
07-12-12	29700
07/13/2012	29170
07/16/2012	29220
07/17/2012	29670
07/18/2012	29215
07/19/2012	29195
07/20/2012	29160
07/23/2012	29285
07/24/2012	29445
07/25/2012	29700
07/26/2012	29905
07/27/2012	29910
07/30/2012	29880
07/31/2012	29980
08-01-12	29845
08-03-12	29730
08-06-12	29765
08-07-12	29755
08-08-12	29660
08-09-12	29765
08/13/2012	29995
08/14/2012	29965
08/16/2012	29905
08/21/2012	30090
08/22/2012	30280
08/23/2012	30515
08/24/2012	30760
08/27/2012	30920
08/28/2012	30800
08/29/2012	30835
08/30/2012	30705
08/31/2012	30720
09-03-12	31200
09-04-12	31320
09-05-12	31480
09-06-12	31700
09-07-12	31350
09-10-12	31990
09-11-12	31970
09-12-12	32095
09/13/2012	32000
09/14/2012	32200
09/17/2012	31950
09/18/2012	31800
09/21/2012	31720
09/24/2012	31400
09/25/2012	31510
09/26/2012	31520
09/27/2012	31170
09/28/2012	31350
10-01-12	31090
10-03-12	31090
10-04-12	31980
10-05-12	31070
10-08-12	31060
10-09-12	31200
10-10-12	31260
10-11-12	31170
10-12-12	31175
10/15/2012	30955
10/16/2012	30800
10/17/2012	30950
10/18/2012	31000
10/19/2012	31200
10/22/2012	30900
10/23/2012	30775
10/25/2012	30765
10/26/2012	30675
10/29/2012	30925
10/30/2012	30955
10/31/2012	30950
11-01-12	30940
11-02-12	30745
11-05-12	30635
11-06-12	30775
11-07-12	31180
11-08-12	31200
11-09-12	31620
11-12-12	31900
11/16/2012	31540
11/19/2012	31365
11/20/2012	31900
11/21/2012	31800
11/22/2012	31910
11/23/2012	32150
11/26/2012	32500
11/27/2012	32355
11/29/2012	31650
11/30/2012	31475
12-03-12	31400
12-04-12	31210
12-05-12	31090
12-06-12	30700
12-07-12	30940
12-10-12	31205
12-11-12	31060
12-12-12	31115
12/13/2012	30845
12/14/2012	30930
12/17/2012	30985
12/18/2012	31175
12/19/2012	30540
12/20/2012	30595
12/21/2012	30365
12/24/2012	30600
12/26/2012	30430
12/27/2012	30435
12/28/2012	30440
12/31/2012	30490
01-01-13	30645
01-02-13	30730
01-03-13	30795
01-04-13	30305
01-07-13	30650
01-09-13	30535
01-10-13	30345
01-11-13	30510
01/14/2013	30400
01/15/2013	30540
01/16/2013	30640
01/17/2013	30550
01/18/2013	30445
01/21/2013	30415
01/22/2013	30790
01/23/2013	30800
01/24/2013	30610
01/25/2013	30575
01/28/2013	30365
01/29/2013	30405
01/30/2013	30210
01/31/2013	30335
02-01-13	30240
02-05-13	30400
02-06-13	30290
02-07-13	30410
02-08-13	30445
02-11-13	30435
02-12-13	30255
02/13/2013	30210
02/14/2013	30280
02/15/2013	30090
02/18/2013	29860
02/20/2013	29475
02/21/2013	29220
02/22/2013	29320
02/25/2013	29350
02/26/2013	29450
02/27/2013	29605
02/28/2013	29520
03-01-13	29410
03-04-13	29580
03-05-13	29620
03-06-13	29415
03-07-13	29425
03-08-13	29260
03-11-13	29315
03-12-13	29410
03/13/2013	29515
03/14/2013	29305
03/15/2013	29340
03/18/2013	29595
03/19/2013	29695
03/20/2013	29760
03/21/2013	29680
03/22/2013	29735
03/25/2013	29515
03/26/2013	29540
03/28/2013	29605
04-01-13	29640
04-03-13	29195
04-04-13	28985
04-05-13	29100
04-08-13	29400
04-09-13	29300
04-10-13	29390
04-12-13	28890
04/15/2013	26550
04/16/2013	25900
04/17/2013	25680
04/18/2013	25920
04/22/2013	26700
04/23/2013	26630
04/24/2013	26570
04/25/2013	26970
04/26/2013	27300
04/29/2013	27380
04/30/2013	27150
05-02-13	26905
05-03-13	29195
05-06-13	27365
05-07-13	27150
05-08-13	27000
05-09-13	27310
05-10-13	27375
05/13/2013	26985
05/14/2013	27030
05/15/2013	26760
05/16/2013	26210
05/17/2013	26245
05/20/2013	25900
05/21/2013	26360
05/22/2013	26445
05/23/2013	26430
05/24/2013	26470
05/27/2013	26480
05/28/2013	26390
05/29/2013	26630
05/30/2013	26915
05/31/2013	27200
06-03-13	27060
06-04-13	27030
06-05-13	27105
06-06-13	27570
06-07-13	27795
06-10-13	27760
06-11-13	27710
06-12-13	27570
06/13/2013	27860
06/14/2013	27670
06/17/2013	27840
06/18/2013	28025
06/19/2013	27925
06/20/2013	27160
06/21/2013	26895
06/24/2013	26840
06/25/2013	26825
06/26/2013	26145
06/27/2013	26010
06/28/2013	25130
07-01-13	25800
07-02-13	26230
07-03-13	26320
07-04-13	26270
07-05-13	26190
07-08-13	26135
07-09-13	26290
07-10-13	26210
07-11-13	26640
07-12-13	26490
07/15/2013	26730
07/16/2013	26640
07/17/2013	26685
07/18/2013	26650
07/19/2013	26795
07/22/2013	27325
07/23/2013	27720
07/24/2013	27765
07/25/2013	27505
07/26/2013	27695
07/29/2013	28215
07/30/2013	28500
07/31/2013	29525
08-01-13	28270
08-02-13	28060
08-05-13	28470
08-06-13	28305
08-07-13	28065
08-08-13	28220
08-12-13	29250
08/13/2013	29520
08/16/2013	30695
08/19/2013	31365
08/20/2013	31150
08/22/2013	31375
08/23/2013	31160
08/26/2013	31765
08/27/2013	32585
08/28/2013	33265
08/30/2013	31520
09-02-13	31540
09-03-13	32510
09-04-13	31940
09-05-13	31560
09-06-13	30780
09-10-13	30420
09-11-13	30280
09-12-13	30215
09/13/2013	29690
09/16/2013	29650
09/17/2013	30010
09/19/2013	30280
09/20/2013	30260
09/23/2013	29790
09/24/2013	29820
09/25/2013	29980
09/26/2013	30080
09/27/2013	30265
09/30/2013	30225
10-01-13	29915
10-03-13	29545
10-04-13	29765
10-07-13	30150
10-08-13	30510
10-09-13	30100
10-10-13	30215
10-11-13	30145
10/14/2013	30395
10/15/2013	30265
10/17/2013	30160
10/18/2013	30950
10/21/2013	31130
10/22/2013	31330
10/23/2013	31740
10/24/2013	31785
10/25/2013	31840
10/28/2013	31945
10/29/2013	31295
10/30/2013	31100
10/31/2013	30680
11-01-13	30685
11-06-13	30600
11-07-13	30735
11-08-13	30780
11-11-13	30845
11-12-13	31180
11/13/2013	31145
11/14/2013	31065
11/18/2013	31065
11/19/2013	30915
11/20/2013	30890
11/21/2013	30830
11/22/2013	30810
11/25/2013	30425
11/26/2013	30740
11/27/2013	30570
11/28/2013	30435
11/29/2013	30695
12-02-13	30505
12-03-13	30490
12-05-13	30825
12-06-13	30500
12-09-13	30200
12-10-13	30250
12-11-13	30300
12-12-13	30400
12/13/2013	30150
12/16/2013	30150
12/17/2013	29950
12/18/2013	29800
12/19/2013	29820
12/20/2013	29700
12/23/2013	29720
12/24/2013	29700
12/26/2013	29650
12/27/2013	29650
12/30/2013	29500
12/31/2013	29400
01-01-14	29400
01-02-14	29950
01-03-14	29850
01-06-14	29700
01-07-14	29650
01-08-14	29550
01-09-14	29550
01-10-14	29700
01/13/2014	29700
01/14/2014	30000
01/15/2014	29600
01/16/2014	29600
01/17/2014	29600
01/20/2014	29800
01/21/2014	29800
01/22/2014	29650
01/23/2014	29750
01/24/2014	29900
01/27/2014	30100
01/28/2014	30050
01/29/2014	30100
01/30/2014	30150
01/31/2014	29950
02-03-14	29900
02-04-14	29980
02-05-14	30100
02-06-14	30050
02-07-14	30000
02-10-14	30070
02-11-14	30440
02-12-14	30330
02/13/2014	30270
02/14/2014	30430
02/17/2014	31035
02/18/2014	30700
02/20/2014	30950
02/21/2014	30750
02/24/2014	30750
02/25/2014	30800
02/26/2014	30800
02/28/2014	30750
03-03-14	30800
03-04-14	30750
03-05-14	30650
03-06-14	30450
03-07-14	30450
03-10-14	30250
03-11-14	30200
03-12-14	30300
03/13/2014	30250
03/14/2014	30400
03/18/2014	30200
03/19/2014	30150
03/20/2014	30150
03/21/2014	30150
03/24/2014	29750
03/25/2014	29450
03/26/2014	29150
03/27/2014	28950
03/28/2014	28750
03/31/2014	28800
04-01-14	28900
04-02-14	28600
04-03-14	28950
04-04-14	28900
04-07-14	28900
04-09-14	29250
04-11-14	29500
04/14/2014	29700
04/15/2014	29700
04/16/2014	29750
04/17/2014	29750
04/21/2014	29750
04/22/2014	29800
04/23/2014	30000
04/25/2014	30200
04/28/2014	30250
04/29/2014	30300
04/30/2014	30050
05-02-14	30100
05-05-14	30200
05-06-14	30250
05-07-14	30300
05-08-14	30050
05-09-14	30100
05-12-14	30000
05/13/2014	29850
05/14/2014	29850
05/15/2014	29800
05/16/2014	29200
05/19/2014	29300
05/20/2014	29050
05/21/2014	28750
05/22/2014	28000
05/23/2014	27900
05/26/2014	27950
05/27/2014	27850
05/28/2014	27450
05/29/2014	27000
05/30/2014	27170
06-02-14	27100
06-03-14	27150
06-04-14	27150
06-05-14	27150
06-06-14	27200
06-09-14	26950
06-10-14	26050
06-11-14	26150
06-12-14	27100
06/13/2014	27300
06/16/2014	28050
06/17/2014	27450
06/18/2014	27800
06/19/2014	27900
06/20/2014	28580
06/23/2014	28650
06/24/2014	28550
06/25/2014	28500
06/26/2014	28500
06/27/2014	28500
06/30/2014	28350
07-01-14	28400
07-02-14	28250
07-03-14	28050
07-04-14	28100
07-07-14	28050
07-08-14	28000
07-09-14	27950
07-10-14	29000
07-11-14	28600
07/14/2014	28350
07/15/2014	28250
07/16/2014	28200
07/17/2014	28200
07/18/2014	28350
07/21/2014	28350
07/22/2014	28050
07/23/2014	28200
07/24/2014	28100
07/25/2014	27950
07/28/2014	28200
07/29/2014	28200
07/30/2014	28150
07/31/2014	28100
08-01-14	28250
08-04-14	28300
08-05-14	28275
08-06-14	28600
08-07-14	28700
08-08-14	29000
08-11-14	28700
08-12-14	28600
08/13/2014	28750
08/14/2014	28750
08/18/2014	28650
08/19/2014	28400
08/20/2014	28300
08/21/2014	28100
08/22/2014	28000
08/25/2014	28000
08/26/2014	28100
08/27/2014	28000
08/28/2014	28000
09-01-14	28000
09-02-14	28000
09-03-14	27800
09-04-14	27750
09-05-14	27650
09-08-14	27650
09-09-14	27550
09-10-14	27650
09-11-14	27400
09-12-14	27320
09/15/2014	27200
09/16/2014	27200
09/17/2014	27300
09/18/2014	27050
09/19/2014	26900
09/22/2014	26700
09/23/2014	27000
09/24/2014	27000
09/25/2014	26800
09/26/2014	27100
09/29/2014	27200
09/30/2014	27100
10-01-14	27150
10-06-14	26900
10-07-14	27200
10-08-14	27300
10-09-14	27250
10-10-14	27250
10/13/2014	27400
10/14/2014	27350
10/16/2014	27350
10/17/2014	27650
10/20/2014	27550
10/21/2014	27700
10/22/2014	27700
10/27/2014	27520
10/28/2014	27520
10/29/2014	27400
10/30/2014	27100
10/31/2014	26500
11-03-14	26450
11-04-14	26450
11-05-14	25800
11-06-14	25800
11-07-14	26000
11-10-14	26250
11-11-14	25900
11-12-14	26300
11/13/2014	26300
11/14/2014	26000
11/17/2014	26800
11/18/2014	26800
11/19/2014	26900
11/20/2014	26650
11/21/2014	26650
11/24/2014	26700
11/25/2014	26700
11/26/2014	26700
11/27/2014	26700
11/28/2014	26500
12-01-14	26200
12-02-14	26600
12-03-14	26600
12-04-14	26850
12-05-14	26700
12-08-14	26500
12-09-14	26700
12-10-14	27200
12-11-14	27200
12-12-14	27200
12/15/2014	27200
12/16/2014	27150
12/17/2014	27150
12/18/2014	27200
12/19/2014	27050
12/22/2014	27050
12/23/2014	27050
12/24/2014	26850
12/26/2014	27050
12/29/2014	27150
12/30/2014	27000
12/31/2014	27100
01-01-15	26900
01-02-15	26900
01-05-15	27050
01-06-15	27350
01-07-15	27400
01-08-15	27150
01-09-15	27100
01-12-15	27300
01/13/2015	27400
01/14/2015	27300
01/15/2015	27450
01/16/2015	27600
01/19/2015	27850
01/20/2015	28100
01/21/2015	28400
01/22/2015	28200
01/23/2015	28400
01/27/2015	28150
01/28/2015	28300
01/29/2015	28200
01/30/2015	28000
02-02-15	28300
02-03-15	28150
02-04-15	28100
02-05-15	28100
02-06-15	28100
02-09-15	27700
02-10-15	27800
02-11-15	27700
02-12-15	27500
02/13/2015	27500
02/16/2015	27550
02/18/2015	27100
02/19/2015	27100
02/20/2015	27100
02/23/2015	26800
02/24/2015	26800
02/25/2015	26900
02/26/2015	26950
02/27/2015	26850
03-02-15	27250
03-03-15	26950
03-04-15	26950
03-05-15	26900
03-09-15	26500
03-10-15	26350
03-11-15	26300
03-12-15	26200
03/13/2015	26200
03/16/2015	26250
03/17/2015	26050
03/18/2015	25900
03/19/2015	26250
03/20/2015	26250
03/23/2015	26400
03/24/2015	26450
03/25/2015	26650
03/26/2015	26900
03/27/2015	26950
03/30/2015	26600
03/31/2015	26500
04-01-15	26650
04-06-15	27150
04-07-15	27100
04-08-15	27000
04-09-15	26650
04-10-15	26700
04/13/2015	27050
04/14/2015	26900
04/15/2015	26800
04/16/2015	27000
04/17/2015	26900
04/20/2015	27100
04/21/2015	27000
04/22/2015	27100
04/23/2015	26900
04/24/2015	27150
04/27/2015	27000
04/28/2015	27300
04/29/2015	27300
04/30/2015	27450
05-04-15	26950
05-05-15	27150
05-06-15	27250
05-07-15	27150
05-08-15	27150
05-11-15	27150
05-12-15	27250
05/13/2015	27450
05/14/2015	27750
05/15/2015	27600
05/18/2015	27850
05/19/2015	27750
05/20/2015	27550
05/21/2015	27550
05/22/2015	27550
05/25/2015	27400
05/26/2015	27350
05/27/2015	27350
05/28/2015	27225
05/29/2015	27400
06-01-15	27150
06-02-15	27200
06-03-15	27250
06-04-15	27150
06-05-15	26900
06-08-15	27000
06-09-15	26950
06-10-15	27100
06-11-15	27000
06-12-15	27000
06/15/2015	27000
06/16/2015	27050
06/17/2015	26850
06/18/2015	26950
06/19/2015	27200
06/22/2015	26950
06/23/2015	26900
06/24/2015	26700
06/25/2015	26680
06/26/2015	26600
06/29/2015	26800
06/30/2015	26750
07-01-15	26500
07-02-15	26350
07-03-15	26350
07-06-15	26450
07-07-15	26400
07-08-15	26200
07-09-15	26300
07-10-15	26300
07/13/2015	26200
07/14/2015	26200
07/15/2015	26150
07/16/2015	26100
07/17/2015	26150
07/20/2015	25600
07/21/2015	25500
07/22/2015	25200
07/23/2015	25350
07/24/2015	24900
07/27/2015	25200
07/28/2015	25200
07/29/2015	25250
07/30/2015	25000
07/31/2015	25000
08-03-15	25100
08-04-15	25100
08-05-15	24900
08-06-15	24900
08-07-15	24900
08-10-15	25100
08-11-15	25600
08-12-15	25900
08/13/2015	26150
08/14/2015	26000
08/17/2015	26100
08/18/2015	26200
08/19/2015	26200
08/20/2015	26650
08/21/2015	27300
08/24/2015	27500
08/25/2015	27250
08/26/2015	26750
08/27/2015	26550
08/28/2015	26600
08/31/2015	26750
09-01-15	26950
09-02-15	26900
09-03-15	26700
09-04-15	26600
09-07-15	26750
09-08-15	26550
09-09-15	26550
09-10-15	26300
09-11-15	26350
09/14/2015	26200
09/15/2015	26200
09/16/2015	26200
09/18/2015	26500
09/21/2015	26500
09/22/2015	26400
09/23/2015	26500
09/24/2015	26750
09/28/2015	26600
09/29/2015	26450
09/30/2015	26350
10-01-15	26200
10-05-15	26550
10-06-15	26550
10-07-15	26650
10-08-15	26600
10-09-15	26700
10-12-15	26800
10/13/2015	26750
10/14/2015	27100
10/15/2015	27250
10/16/2015	27250
10/19/2015	27050
10/20/2015	26850
10/21/2015	27350
10/23/2015	27300
10/26/2015	27000
10/27/2015	27000
10/28/2015	27250
10/29/2015	27100
10/30/2015	26850
11-02-15	26750
11-03-15	26700
11-04-15	26350
11-05-15	26200
11-06-15	26250
11-09-15	26150
11-10-15	26150
11/16/2015	26100
11/17/2015	25650
11/18/2015	25600
11/19/2015	25700
11/20/2015	25800
11/23/2015	25600
11/24/2015	25650
11/26/2015	25850
11/27/2015	25650
11/30/2015	25450
12-01-15	25650
12-02-15	25530
12-03-15	25200
12-04-15	25450
12-07-15	25850
12-08-15	25400
12-09-15	25450
12-10-15	25400
12-11-15	25570
12/14/2015	25700
12/15/2015	25600
12/16/2015	25550
12/17/2015	25600
12/18/2015	25300
12/21/2015	25450
12/22/2015	25650
12/23/2015	25550
12/24/2015	25550
12/28/2015	25500
12/29/2015	25550
12/30/2015	25550
12/31/2015	25300
01-01-16	25300
01-04-16	25550
01-05-16	25750
01-06-16	25800
01-07-16	26150
01-08-16	26150
01-11-16	25570
01-12-16	26150
01/13/2016	26000
01/14/2016	26200
01/15/2016	26100
01/18/2016	26300
01/19/2016	26250
01/20/2016	26450
01/21/2016	26800
01/22/2016	26600
01/25/2016	26750
01/27/2016	27050
01/28/2016	27000
01/29/2016	26850
02-01-16	27100
02-02-16	27150
02-03-16	27300
02-04-16	27350
02-05-16	27550
02-08-16	28050
02-09-16	28430
02-10-16	28430
02-11-16	29550
02-12-16	28800
02/15/2016	28600
02/16/2016	28200
02/17/2016	28400
02/18/2016	28385
02/19/2016	29100
02/22/2016	28530
02/23/2016	28700
02/24/2016	28700
02/25/2016	28850
02/26/2016	28850
02/29/2016	28950
03-01-16	29000
04/13/2016	28970
04/18/2016	29160
04/20/2016	29500
04/21/2016	29850
04/22/2016	29700
04/25/2016	29700
04/26/2016	29700
04/27/2016	29550
04/28/2016	29700
04/29/2016	30000
05-02-16	30000
05-03-16	30120
05-04-16	30000
05-05-16	30100
05-06-16	29850
05-09-16	30000
05-10-16	29700
05-11-16	29800
05-12-16	29750
05/13/2016	29850
05/16/2016	29850
05/17/2016	29750
05/18/2016	29750
05/19/2016	29600
05/20/2016	29600
05/23/2016	29450
05/24/2016	29450
05/25/2016	29100
05/26/2016	29100
05/27/2016	28800
05/30/2016	28500
05/31/2016	28600
06-01-16	28700
06-02-16	28650
06-03-16	28650
06-06-16	28900
06-07-16	28820
06-08-16	28850
06-09-16	28950
06-10-16	29050
06/13/2016	29450
06/14/2016	29600
06/15/2016	29500
06/16/2016	30000
06/17/2016	29500
06/20/2016	29500
06/21/2016	29600
06/22/2016	29500
06/23/2016	29500
06/24/2016	30700
06/27/2016	30850
06/28/2016	30700
06/29/2016	30850
06/30/2016	30600
07-01-16	30800
07-04-16	31850
07-05-16	31000
07-06-16	31450
07-07-16	31400
07-08-16	31200
07-11-16	31200
07-12-16	31250
07/13/2016	31250
07/14/2016	31000
07/15/2016	31150
07/18/2016	31000
07/19/2016	30850
07/20/2016	30800
07/21/2016	30750
07/22/2016	30800
07/25/2016	30650
07/26/2016	30650
07/27/2016	30750
07/28/2016	31070
07/29/2016	31000
08-01-16	31000
08-02-16	31200
08-03-16	31450
08-04-16	31270
08-05-16	31450
08-08-16	30850
08-09-16	30850
08-10-16	31200
08-11-16	31200
08-12-16	31200
08/16/2016	31400
08/17/2016	31400
08/19/2016	31450
08/22/2016	31400
08/23/2016	31450
08/24/2016	31450
08/26/2016	31150
08/29/2016	31150
08/30/2016	31100
08/31/2016	30900
09-01-16	30850
09-02-16	31000
09-06-16	31000
09-07-16	31600
09-08-16	31350
09-09-16	31050
09-12-16	31050
09/14/2016	31100
09/16/2016	31000
09/19/2016	31100
09/20/2016	31150
09/21/2016	31150
09/22/2016	31450
09/23/2016	31350
09/26/2016	31400
09/27/2016	31250
09/28/2016	31250
09/29/2016	31200
09/30/2016	31200
10-03-16	31150
10-04-16	31000
10-05-16	30350
10-06-16	30250
10-07-16	30000
10-10-16	30050
10/13/2016	30300
10/14/2016	30150
10/17/2016	29900
10/18/2016	29900
10/19/2016	30160
10/20/2016	30300
10/21/2016	30150
10/24/2016	30150
10/25/2016	30300
10/26/2016	30400
10/27/2016	30400
10/28/2016	30400
11-02-16	30750
11-03-16	30700
11-04-16	30900
11-08-16	30700
11-09-16	32500
11-10-16	31200
11-11-16	31200
11/15/2016	30400
11/18/2016	30050
11/21/2016	30600
11/22/2016	30000
11/23/2016	30015
11/24/2016	28850
11/28/2016	29500
11/29/2016	29300
11/30/2016	29450
12-01-16	28800
12-02-16	28850
12-05-16	28500
12-06-16	28500
12-07-16	28500
12-08-16	28750
12-09-16	28650
12-12-16	28350
12/13/2016	28350
12/14/2016	28250
12/15/2016	27950
12/16/2016	27750
12/19/2016	28000
12/20/2016	27800
12/21/2016	27850
12/23/2016	27700
12/26/2016	27500
12/27/2016	27750
12/28/2016	27850
12/29/2016	27850
12/30/2016	28050
01-02-17	28050
01-03-17	28350
01-04-17	28550
01-05-17	28650
01-06-17	28650
01-09-17	28550
01-10-17	28950
01-11-17	29050
01-12-17	29150
01/13/2017	28850
01/16/2017	29500
01/17/2017	29500
01/18/2017	29650
01/19/2017	29650
01/20/2017	29500
01/23/2017	29650
01/24/2017	29650
01/25/2017	29450
01/27/2017	29200
01/30/2017	29300
01/31/2017	29450
02-01-17	29450
02-02-17	29450
02-03-17	29400
02-06-17	29550
02-07-17	29700
02-08-17	29900
02-09-17	29750
02-10-17	29600
02/13/2017	29550
02/14/2017	29550
02/15/2017	29550
02/16/2017	29550
02/17/2017	29800
02/20/2017	29800
02/22/2017	29800
02/23/2017	29800
02/27/2017	30000
02/28/2017	29850
03-01-17	29850
03-02-17	29800
03-03-17	29600
03-06-17	29550
03-07-17	29550
03-08-17	29350
03-09-17	29100
03-10-17	28850
03/14/2017	28850
03/15/2017	28600
03/16/2017	29000
03/17/2017	28850
03/20/2017	28900
03/21/2017	28850
03/22/2017	29250
03/23/2017	29250
03/24/2017	29050
03/27/2017	29250
03/28/2017	29250
03/29/2017	29050
03/30/2017	29150
03/31/2017	28950
04-03-17	29050
04-05-17	29300
04-06-17	29300
04-07-17	29200
04-10-17	28850
04-11-17	28950
04-12-17	29850
04/13/2017	29850
04/17/2017	29750
04/18/2017	29700
04/19/2017	29700
04/20/2017	29730
04/21/2017	29730
04/24/2017	29450
04/25/2017	29350
04/26/2017	29050
04/27/2017	29050
04/28/2017	29100
05-02-17	29050
05-03-17	29150
05-04-17	28850
05-05-17	28750
05-08-17	28550
05-09-17	28500
05-10-17	28550
05-11-17	28350
05-12-17	28400
05/15/2017	28550
05/16/2017	28550
05/17/2017	28650
05/18/2017	28750
05/19/2017	28850
05/22/2017	28850
05/23/2017	29250
05/24/2017	28750
05/25/2017	29050
05/26/2017	29100
05/29/2017	29300
05/30/2017	29300
05/31/2017	29050
06-01-17	29150
06-02-17	29050
06-05-17	29600
06-06-17	29700
06-07-17	29700
06-08-17	29550
06-09-17	29250
06-12-17	29000
06/13/2017	29150
06/14/2017	29000
06/15/2017	28950
06/16/2017	28850
06/19/2017	28850
06/20/2017	28800
06/21/2017	28800
06/22/2017	29050
06/23/2017	29100
06/27/2017	29000
06/28/2017	29000
06/29/2017	29000
06/30/2017	29100
07-03-17	29250
07-04-17	28950
07-05-17	28850
07-06-17	28850
07-07-17	28950
07-10-17	28750
07-11-17	28350
07-12-17	28650
07/13/2017	28800
07/14/2017	28800
07/17/2017	29000
07/18/2017	29050
07/19/2017	29050
07/20/2017	28950
07/21/2017	29200
07/24/2017	29350
07/25/2017	29350
07/26/2017	29100
07/27/2017	29500
07/28/2017	29350
07/31/2017	29450
08-01-17	29450
08-02-17	29350
08-03-17	29350
08-04-17	29550
08-08-17	29350
08-09-17	29350
08-10-17	29800
08-11-17	30050
08/14/2017	29850
08/16/2017	29700
08/17/2017	30150
08/18/2017	30150
08/21/2017	29900
08/22/2017	29750
08/23/2017	30000
08/24/2017	29950
08/28/2017	30000
08/29/2017	30000
08/30/2017	30250
08/31/2017	30150
09-01-17	30250
09-04-17	31150
09-06-17	31200
09-07-17	31200
09-08-17	31400
09-11-17	31350
09-12-17	30850
09/13/2017	30850
09/14/2017	30850
09/15/2017	31000
09/18/2017	30850
09/19/2017	30600
09/20/2017	30600
09/21/2017	30850
09/22/2017	30850
09/25/2017	30700
09/26/2017	31100
09/27/2017	31050
09/28/2017	30750
09/29/2017	30700
10-03-17	30700
10-04-17	30850
10-05-17	30500
10-06-17	30500
10-09-17	31000
10-10-17	31000
10-11-17	31300
10-12-17	31450
10/13/2017	31450
10/16/2017	31250
10/17/2017	31250
10/18/2017	30850
10/23/2017	30450
10/24/2017	30450
10/25/2017	30450
10/26/2017	30400
10/27/2017	30150
10/30/2017	30250
10/31/2017	30350
11-01-17	30250
11-02-17	30250
11-03-17	30250
11-06-17	30150
11-07-17	30450
11-08-17	30450
11-09-17	30450
11-10-17	30600
11/13/2017	30550
11/14/2017	30550
11/15/2017	30550
11/16/2017	30500
11/17/2017	30450
11/20/2017	30750
11/21/2017	30450
11/22/2017	30450
11/23/2017	30550
11/24/2017	30550
11/27/2017	30650
11/28/2017	30500
11/29/2017	30500
11/30/2017	30400
12-01-17	30200
12-04-17	30050
12-05-17	30150
12-06-17	29950
12-07-17	29850
12-08-17	29650
12-11-17	29450
12-12-17	29350
12/13/2017	29350
12/14/2017	29300
12/15/2017	29600
12/18/2017	29500
12/19/2017	29500
12/20/2017	29500
12/21/2017	29600
12/22/2017	29575
12/26/2017	29850
12/27/2017	30000
12/28/2017	30050
12/29/2017	30050
01-01-18	30300
01-02-18	30350
01-03-18	30350
01-04-18	30150
01-05-18	30350
01-08-18	30150
01-09-18	30250
01-10-18	30550
01-11-18	30250
01-12-18	30550
01/15/2018	30850
01/16/2018	30850
01/17/2018	30850
01/18/2018	30550
01/19/2018	30600
01/22/2018	30750
01/23/2018	30750
01/24/2018	30850
01/29/2018	30850
01/30/2018	30850
01/31/2018	30850
02-01-18	30650
02-02-18	30900
02-05-18	30600
02-06-18	31450
02-07-18	30850
02-08-18	30850
02-09-18	30650
02-12-18	30650
02/14/2018	31000
02/15/2018	31100
02/16/2018	31100
02/19/2018	31100
02/20/2018	30950
02/21/2018	30950
02/22/2018	31150
02/23/2018	31150
02/26/2018	31300
02/27/2018	31150
02/28/2018	31050
03-01-18	30700
03-05-18	31300
03-06-18	31350
03-07-18	31300
03-08-18	31200
03-09-18	31050
03-12-18	30850
03/13/2018	30850
03/14/2018	31150
03/15/2018	31200
03/16/2018	30850
03/19/2018	30650
03/20/2018	30850
03/21/2018	30970
03/22/2018	30950
03/23/2018	31000
03/26/2018	31150
03/27/2018	31150
03/28/2018	31180
04-02-18	31150
04-03-18	31250
04-04-18	31400
04-05-18	31250
04-06-18	31300
04-09-18	31300
04-10-18	31350
04-11-18	31550
04-12-18	31850
04/13/2018	31550
04/16/2018	32000
04/17/2018	32150
04/18/2018	32150
04/19/2018	32100
04/20/2018	32050
04/23/2018	32050
04/24/2018	32050
04/25/2018	32050
04/26/2018	32250
04/27/2018	32150
04/30/2018	31850
05-02-18	31800
05-03-18	31900
05-04-18	31850
05-07-18	32100
05-08-18	31950
05-09-18	31950
05-10-18	32100
05-11-18	32100
05/14/2018	32150
05/15/2018	32000
05/16/2018	31850
05/17/2018	31700
05/18/2018	31700
05/21/2018	31700
05/22/2018	31850
05/23/2018	31850
05/24/2018	31650
05/25/2018	31720
05/28/2018	31430
05/29/2018	31600
05/30/2018	31600
05/31/2018	31650
06-01-18	31520
06-04-18	31450
06-05-18	31400
06-06-18	31550
06-07-18	31550
06-08-18	31400
06-11-18	31450
06-12-18	31250
06/13/2018	31250
06/14/2018	31250
06/15/2018	31450
06/18/2018	31150
06/19/2018	31450
06/20/2018	31250
06/21/2018	31200
06/22/2018	31350
06/25/2018	31350
06/26/2018	31300
06/27/2018	31300
06/28/2018	31300
06/29/2018	31300
07-02-18	31250
07-03-18	31250
07-04-18	31250
07-05-18	31200
07-06-18	31150
07-09-18	31150
07-10-18	31150
07-11-18	31100
07-12-18	30850
07/13/2018	30850
07/16/2018	30850
07/17/2018	30650
07/18/2018	30650
07/19/2018	30600
07/20/2018	30600
07/23/2018	30650
07/24/2018	30750
07/25/2018	30650
07/26/2018	30600
07/27/2018	30600
07/30/2018	30650
07/31/2018	30650
08-01-18	30600
08-02-18	30450
08-03-18	30300
08-06-18	30300
08-07-18	30300
08-08-18	30250
08-09-18	30250
08-10-18	30300
08/13/2018	30600
08/14/2018	30500
08/16/2018	30300
08/17/2018	30250
08/20/2018	30250
08/21/2018	30350
08/23/2018	30450
08/24/2018	30450
08/27/2018	30700
08/28/2018	30650
08/29/2018	30700
08/30/2018	30750
08/31/2018	30850
09-01-18	30850
09-04-18	31050
09-05-18	31000
09-06-18	31000
09-07-18	31250
09-10-18	31150
09-11-18	31150
09-12-18	31300
09/14/2018	31150
09/17/2018	31300
09/18/2018	31300
09/19/2018	31350
09/21/2018	31350
09/24/2018	31350
09/25/2018	31400
09/26/2018	31230
09/27/2018	31200
09/28/2018	31200
10-01-18	31250
10-03-18	31450
10-04-18	31400
10-05-18	31650
10-08-18	31450
10-09-18	31400
10-10-18	31400
10-11-18	31500
10-12-18	31600
10/15/2018	32050
10/16/2018	31900
10/17/2018	31850
10/22/2018	32200
10/23/2018	32350
10/24/2018	32250
10/25/2018	32300
10/26/2018	32250
10/29/2018	32300
10/30/2018	32150
10/31/2018	32150
11-01-18	32150
11-02-18	32000
11-05-18	32250
11-06-18	32250
11-09-18	32250
11-12-18	31850
11/13/2018	31750
11/14/2018	31750
11/15/2018	31550
11/16/2018	31800
11/19/2018	31600
11/20/2018	31750
11/21/2018	31700
11/22/2018	31750
11/26/2018	31550
11/27/2018	31550
11/28/2018	31350
11/29/2018	31300
11/30/2018	31100
12-03-18	31400
12-04-18	31500
12-05-18	31500
12-06-18	31750
12-07-18	31600
12-10-18	31800
12-11-18	31900
12-12-18	31750
12/13/2018	31750
12/14/2018	31850
12/17/2018	31750
12/18/2018	31850
12/19/2018	31650
12/20/2018	31825
12/21/2018	31850
12/24/2018	31850
12/26/2018	32050
12/27/2018	32200
12/28/2018	32250
12/31/2018	32200
01-01-19	32250
01-02-19	32450
01-03-19	32400
01-04-19	32400
01-07-19	32350
01-08-19	32350
01-09-19	32450
01-10-19	32650
01-11-19	32630
01/14/2019	32750
01/15/2019	32630
01/16/2019	32800
01/17/2019	32800
01/18/2019	32800
01/21/2019	32750
01/22/2019	32780
01/23/2019	32900
01/24/2019	32900
01/25/2019	32950
01/28/2019	33250
01/29/2019	33300
01/30/2019	33450
01/31/2019	33500
02-01-19	33550
02-04-19	33500
02-05-19	33500
02-06-19	33500
02-07-19	33450
02-08-19	33450
02-11-19	33350
02-12-19	33250
02/13/2019	33250
02/14/2019	33350
02/15/2019	33450
02/18/2019	33700
02/19/2019	33900
02/20/2019	34150
02/21/2019	34100
02/22/2019	34000
02/25/2019	33900
02/26/2019	33900
02/27/2019	33900
02/28/2019	33800
03-01-19	33550
03-05-19	33250
03-06-19	32950
03-07-19	32850
03-08-19	32950
03-11-19	32850
03-12-19	32850
03/13/2019	32950
03/14/2019	32950
03/15/2019	32900
03/18/2019	32700
03/19/2019	32700
03/20/2019	32650
03/22/2019	32600
03/25/2019	32700
03/26/2019	32550
03/27/2019	32600
03/28/2019	32700
03/29/2019	32500
04-01-19	32550
04-02-19	32550
04-03-19	32350
04-04-19	32350
04-05-19	32450
04-08-19	32650
04-09-19	32650
04-10-19	32750
04-11-19	32800
04-12-19	32650
04/15/2019	32600
04/16/2019	32550
04/18/2019	32400
04/22/2019	32550
04/23/2019	32500
04/24/2019	32400
04/25/2019	32650
04/26/2019	32700
04/30/2019	32750
05-02-19	32450
05-03-19	32350
05-06-19	32450
05-07-19	32450
05-08-19	32600
05-09-19	32350
05-10-19	32630
05/13/2019	32750
05/14/2019	32950
05/15/2019	32550
05/16/2019	32900
05/17/2019	32850
05/20/2019	32500
05/21/2019	32500
05/22/2019	32500
05/23/2019	32500
05/24/2019	32500
05/27/2019	32550
05/28/2019	32570
05/29/2019	32700
05/30/2019	32600
05/31/2019	32850
06-03-19	32900
06-04-19	33000
06-06-19	33150
06-07-19	33000
06-10-19	33150
06-11-19	33050
06-12-19	33050
06/13/2019	33100
06/14/2019	33250
06/17/2019	33300
06/18/2019	33300
06/19/2019	33250
06/20/2019	33750
06/21/2019	33600
06/24/2019	33600
06/25/2019	33800
06/26/2019	33700
06/27/2019	33700
06/28/2019	33800
07-01-19	33800
07-02-19	33800
07-03-19	33800
07-04-19	34000
07-05-19	34900
07-08-19	35000
07-09-19	34400
07-10-19	34400
07-11-19	34200
07-12-19	34100
07/15/2019	34100
07/16/2019	34100
07/17/2019	34100
07/18/2019	34250
07/19/2019	34450
07/22/2019	34300
07/23/2019	34350
07/24/2019	34500
07/25/2019	34500
07/26/2019	34500
07/29/2019	34400
07/30/2019	34400
07/31/2019	34400
08-01-19	34450
08-02-19	35450
08-05-19	35200
08-06-19	35400
08-07-19	35850
08-08-19	36500
08-09-19	36850
08-12-19	36400
08/13/2019	36550
08/14/2019	36800
08/16/2019	36800
08/19/2019	36800
08/20/2019	36850
08/21/2019	37050
08/22/2019	37100
08/23/2019	37250
08/26/2019	37250
08/27/2019	38000
08/28/2019	38200
08/29/2019	38550
08/30/2019	38350
09-03-19	38350
09-04-19	38500
09-05-19	38500
09-06-19	38000
09-09-19	37550
09-11-19	37000
09-12-19	37000
09/13/2019	36850
09/16/2019	37600
09/17/2019	37600
09/18/2019	37500
09/19/2019	37500
09/20/2019	37200
09/23/2019	37050
09/24/2019	37150
09/25/2019	37250
09/26/2019	37000
09/27/2019	37250
09/30/2019	37350
10-01-19	37050
10-03-19	37650
10-04-19	38000
10-07-19	37650
10-09-19	37550
10-10-19	37750
10-11-19	37750
10/14/2019	37800
10/15/2019	37850
10/16/2019	38050
10/17/2019	38050
10/18/2019	38250
10/22/2019	38000
10/23/2019	38200
10/24/2019	38200
10/25/2019	38700
10/30/2019	38800
10/31/2019	38800
11-01-19	38850
11-04-19	38850
11-05-19	38850
11-06-19	38650
11-07-19	38650
11-08-19	38650
11-11-19	38850
11/13/2019	38600
11/14/2019	39000
11/15/2019	38800
11/18/2019	38600
11/19/2019	38750
11/20/2019	38850
11/21/2019	38850
11/22/2019	38750
11/25/2019	38550
11/26/2019	38550
11/27/2019	38520
11/28/2019	38550
11/29/2019	38650
12-02-19	38750
12-03-19	38750
12-04-19	38950
12-05-19	38600
12-06-19	38500
12-09-19	38450
12-10-19	38450
12-11-19	38400
12-12-19	38400
12/13/2019	38400
12/16/2019	38700
12/17/2019	38700
12/18/2019	38650
12/19/2019	38650
12/20/2019	38700
12/23/2019	38800
12/24/2019	38750
12/26/2019	38850
12/27/2019	38950
12/30/2019	39100
12/31/2019	39100
01-01-20	39100
01-02-20	39050
01-03-20	39950
01-06-20	40800
01-07-20	40200
01-08-20	40850
01-09-20	40350
01-10-20	40350
01/13/2020	40150
01/14/2020	40150
01/15/2020	40000
01/16/2020	40000
01/17/2020	40000
01/20/2020	40100
01/21/2020	40200
01/22/2020	40100
01/23/2020	40200
01/24/2020	40350
01/27/2020	40750
01/28/2020	40400
01/29/2020	40350
01/30/2020	40650
01/31/2020	40750
02-01-20	41000
02-03-20	40800
02-04-20	40650
02-05-20	40300
02-06-20	40400
02-07-20	40500
02-10-20	40850
02-11-20	40700
02-12-20	40500
02/13/2020	40850
02/14/2020	40850
